ctgov,dat
NCT00034840," t=1.000e+00, est=9.959e-01 ; t=2.000e+00, est=9.939e-01 ; t=1.200e+01, est=9.898e-01 ; t=1.300e+01, est=9.878e-01 ; t=1.600e+01, est=9.857e-01 ; t=1.700e+01, est=9.816e-01 ; t=1.900e+01, est=9.796e-01 ; t=2.600e+01, est=9.776e-01 ; t=2.700e+01, est=9.735e-01 ; t=2.800e+01, est=9.714e-01 ; t=3.300e+01, est=9.694e-01 ; t=3.400e+01, est=9.673e-01 ; t=3.600e+01, est=9.653e-01 ; t=3.700e+01, est=9.612e-01 ; t=3.900e+01, est=9.571e-01 ; t=4.000e+01, est=9.510e-01 ; t=4.100e+01, est=9.429e-01 ; t=4.600e+01, est=9.429e-01 ; t=4.700e+01, est=9.408e-01 ; t=4.900e+01, est=9.408e-01 ; t=5.000e+01, est=9.387e-01 ; t=5.200e+01, est=9.387e-01 ; t=5.300e+01, est=9.367e-01 ; t=5.400e+01, est=9.367e-01 ; t=5.500e+01, est=9.342e-01 ; t=8.400e+01, est=9.342e-01 "
NCT00051558," t=1.000e+00, est=9.977e-01 ; t=2.600e+01, est=9.836e-01 ; t=3.500e+01, est=9.650e-01 ; t=5.300e+01, est=9.509e-01 ; t=5.700e+01, est=9.416e-01 ; t=8.500e+01, est=9.299e-01 ; t=1.130e+02, est=8.972e-01 ; t=1.610e+02, est=8.645e-01 ; t=2.480e+02, est=8.271e-01 ; t=2.970e+02, est=8.154e-01 ; t=3.080e+02, est=8.037e-01 ; t=3.540e+02, est=7.921e-01 ; t=3.910e+02, est=7.734e-01 ; t=4.180e+02, est=7.500e-01 ; t=5.200e+02, est=7.336e-01 ; t=5.460e+02, est=7.243e-01 ; t=5.680e+02, est=7.056e-01 ; t=6.080e+02, est=6.939e-01 ; t=6.740e+02, est=6.869e-01 ; t=7.420e+02, est=6.565e-01 ; t=8.190e+02, est=6.355e-01 ; t=8.610e+02, est=6.308e-01 ; t=9.270e+02, est=6.098e-01 ; t=9.720e+02, est=6.051e-01 ; t=1.001e+03, est=5.888e-01 ; t=1.069e+03, est=5.794e-01 ; t=1.080e+03, est=5.699e-01 ; t=1.162e+03, est=5.699e-01 "
NCT00125918," t=1.000e+00, est=9.975e-01 ; t=5.000e+00, est=9.901e-01 ; t=1.600e+01, est=9.852e-01 ; t=2.200e+01, est=9.778e-01 ; t=2.600e+01, est=9.753e-01 ; t=2.700e+01, est=9.679e-01 ; t=2.900e+01, est=9.580e-01 ; t=3.500e+01, est=9.506e-01 ; t=4.000e+01, est=9.481e-01 ; t=4.800e+01, est=9.383e-01 ; t=5.300e+01, est=9.309e-01 ; t=5.400e+01, est=9.259e-01 ; t=5.700e+01, est=9.185e-01 ; t=6.900e+01, est=9.037e-01 ; t=7.900e+01, est=8.963e-01 ; t=8.100e+01, est=8.914e-01 ; t=8.200e+01, est=8.864e-01 ; t=8.300e+01, est=8.741e-01 ; t=8.500e+01, est=8.667e-01 ; t=1.010e+02, est=8.568e-01 ; t=1.070e+02, est=8.568e-01 ; t=1.080e+02, est=8.542e-01 ; t=1.100e+02, est=8.542e-01 ; t=1.110e+02, est=8.513e-01 ; t=1.120e+02, est=8.440e-01 ; t=1.140e+02, est=8.440e-01 ; t=1.150e+02, est=8.363e-01 ; t=1.460e+02, est=8.363e-01 "
NCT00152984," t=1.000e+00, est=9.936e-01 ; t=1.300e+01, est=9.915e-01 ; t=2.600e+01, est=9.894e-01 ; t=2.800e+01, est=9.873e-01 ; t=3.200e+01, est=9.852e-01 ; t=3.400e+01, est=9.831e-01 ; t=4.000e+01, est=9.809e-01 ; t=4.300e+01, est=9.788e-01 ; t=5.000e+01, est=9.767e-01 ; t=5.200e+01, est=9.725e-01 ; t=5.400e+01, est=9.703e-01 ; t=5.800e+01, est=9.703e-01 ; t=6.100e+01, est=9.682e-01 ; t=7.000e+01, est=9.682e-01 ; t=7.300e+01, est=9.661e-01 ; t=1.440e+02, est=9.661e-01 "
NCT00153023," t=1.000e+00, est=9.910e-01 ; t=8.000e+00, est=9.876e-01 ; t=1.600e+01, est=9.763e-01 ; t=2.100e+01, est=9.751e-01 ; t=2.500e+01, est=9.695e-01 ; t=2.900e+01, est=9.537e-01 ; t=3.200e+01, est=9.525e-01 ; t=3.700e+01, est=9.379e-01 ; t=4.100e+01, est=9.345e-01 ; t=6.200e+01, est=9.220e-01 ; t=6.600e+01, est=9.186e-01 ; t=6.700e+01, est=9.141e-01 ; t=7.100e+01, est=9.096e-01 ; t=8.100e+01, est=9.085e-01 ; t=1.300e+02, est=8.825e-01 ; t=1.480e+02, est=8.757e-01 ; t=1.750e+02, est=8.723e-01 ; t=1.950e+02, est=8.588e-01 ; t=2.580e+02, est=8.418e-01 ; t=2.630e+02, est=8.373e-01 ; t=2.790e+02, est=8.339e-01 ; t=2.920e+02, est=8.260e-01 ; t=3.200e+02, est=8.249e-01 ; t=3.360e+02, est=8.169e-01 ; t=3.580e+02, est=8.145e-01 ; t=3.620e+02, est=8.115e-01 ; t=4.190e+02, est=8.115e-01 "
NCT00153088," t=4.000e+00, est=9.981e-01 ; t=1.800e+01, est=9.867e-01 ; t=5.400e+01, est=9.734e-01 ; t=6.000e+01, est=9.602e-01 ; t=8.500e+01, est=9.507e-01 ; t=1.890e+02, est=9.298e-01 ; t=1.960e+02, est=9.203e-01 ; t=2.730e+02, est=9.070e-01 ; t=3.090e+02, est=8.918e-01 ; t=3.560e+02, est=8.918e-01 ; t=3.640e+02, est=8.859e-01 ; t=3.850e+02, est=8.859e-01 ; t=3.960e+02, est=8.761e-01 ; t=4.190e+02, est=8.761e-01 ; t=4.200e+02, est=8.677e-01 ; t=4.240e+02, est=8.616e-01 ; t=4.460e+02, est=8.616e-01 ; t=4.490e+02, est=8.415e-01 ; t=4.740e+02, est=8.415e-01 ; t=4.870e+02, est=8.209e-01 ; t=5.340e+02, est=8.163e-01 ; t=5.350e+02, est=8.112e-01 ; t=5.490e+02, est=8.061e-01 ; t=5.650e+02, est=8.061e-01 ; t=5.660e+02, est=8.008e-01 ; t=5.950e+02, est=8.008e-01 ; t=5.980e+02, est=7.951e-01 ; t=8.460e+02, est=7.951e-01 "
NCT00168831," t=1.000e+00, est=9.940e-01 ; t=8.000e+00, est=9.791e-01 ; t=1.300e+01, est=9.633e-01 ; t=1.400e+01, est=9.533e-01 ; t=1.700e+01, est=9.464e-01 ; t=2.700e+01, est=9.325e-01 ; t=3.200e+01, est=9.305e-01 ; t=3.500e+01, est=9.235e-01 ; t=5.200e+01, est=9.086e-01 ; t=5.500e+01, est=9.027e-01 ; t=5.600e+01, est=8.957e-01 ; t=7.200e+01, est=8.808e-01 ; t=8.000e+01, est=8.798e-01 ; t=1.100e+02, est=8.620e-01 ; t=1.120e+02, est=8.570e-01 ; t=1.180e+02, est=8.550e-01 ; t=1.240e+02, est=8.471e-01 ; t=2.210e+02, est=8.004e-01 ; t=2.250e+02, est=7.905e-01 ; t=2.320e+02, est=7.865e-01 ; t=2.640e+02, est=7.756e-01 ; t=2.870e+02, est=7.617e-01 ; t=3.140e+02, est=7.527e-01 ; t=3.350e+02, est=7.516e-01 ; t=3.410e+02, est=7.443e-01 ; t=3.480e+02, est=7.443e-01 ; t=3.490e+02, est=7.349e-01 ; t=4.430e+02, est=7.349e-01 "
NCT00168844," t=1.000e+00, est=9.939e-01 ; t=1.100e+01, est=9.817e-01 ; t=1.200e+01, est=9.786e-01 ; t=1.300e+01, est=9.654e-01 ; t=1.500e+01, est=9.573e-01 ; t=1.800e+01, est=9.532e-01 ; t=3.900e+01, est=9.400e-01 ; t=4.700e+01, est=9.379e-01 ; t=5.500e+01, est=9.257e-01 ; t=5.600e+01, est=9.186e-01 ; t=6.000e+01, est=9.145e-01 ; t=9.200e+01, est=9.023e-01 ; t=1.070e+02, est=8.922e-01 ; t=1.120e+02, est=8.850e-01 ; t=1.240e+02, est=8.779e-01 ; t=1.290e+02, est=8.718e-01 ; t=1.410e+02, est=8.708e-01 ; t=1.510e+02, est=8.647e-01 ; t=1.600e+02, est=8.637e-01 ; t=2.300e+02, est=8.311e-01 ; t=2.780e+02, est=8.159e-01 ; t=2.820e+02, est=8.118e-01 ; t=3.120e+02, est=8.037e-01 ; t=3.280e+02, est=8.037e-01 ; t=3.360e+02, est=8.015e-01 ; t=3.380e+02, est=7.966e-01 ; t=4.490e+02, est=7.966e-01 "
NCT00168857," t=1.000e+00, est=9.942e-01 ; t=1.100e+01, est=9.919e-01 ; t=1.400e+01, est=9.802e-01 ; t=3.100e+01, est=9.605e-01 ; t=4.900e+01, est=9.523e-01 ; t=5.400e+01, est=9.465e-01 ; t=5.500e+01, est=9.395e-01 ; t=6.500e+01, est=9.314e-01 ; t=7.500e+01, est=9.302e-01 ; t=8.800e+01, est=9.174e-01 ; t=1.170e+02, est=9.128e-01 ; t=1.320e+02, est=9.035e-01 ; t=1.520e+02, est=8.988e-01 ; t=1.720e+02, est=8.860e-01 ; t=1.900e+02, est=8.814e-01 ; t=2.030e+02, est=8.698e-01 ; t=2.720e+02, est=8.488e-01 ; t=2.760e+02, est=8.430e-01 ; t=2.840e+02, est=8.419e-01 ; t=2.890e+02, est=8.360e-01 ; t=3.010e+02, est=8.326e-01 ; t=3.380e+02, est=8.104e-01 ; t=3.540e+02, est=8.080e-01 ; t=3.620e+02, est=8.026e-01 ; t=3.630e+02, est=8.008e-01 ; t=3.640e+02, est=7.932e-01 ; t=4.330e+02, est=7.932e-01 "
NCT00239421," t=1.000e+00, est=9.983e-01 ; t=2.000e+00, est=9.967e-01 ; t=5.000e+00, est=9.950e-01 ; t=9.000e+00, est=9.917e-01 ; t=1.200e+01, est=9.901e-01 ; t=1.300e+01, est=9.851e-01 ; t=1.500e+01, est=9.818e-01 ; t=2.000e+01, est=9.802e-01 ; t=2.100e+01, est=9.785e-01 ; t=2.400e+01, est=9.769e-01 ; t=2.600e+01, est=9.752e-01 ; t=2.700e+01, est=9.736e-01 ; t=2.800e+01, est=9.736e-01 ; t=2.900e+01, est=9.719e-01 ; t=3.300e+01, est=9.702e-01 ; t=3.500e+01, est=9.669e-01 ; t=3.600e+01, est=9.636e-01 ; t=4.000e+01, est=9.636e-01 ; t=4.100e+01, est=9.584e-01 ; t=7.000e+01, est=9.584e-01 "
NCT00274014," t=1.000e+00, est=9.990e-01 ; t=1.100e+01, est=9.871e-01 ; t=1.400e+01, est=9.772e-01 ; t=1.800e+01, est=9.712e-01 ; t=3.900e+01, est=9.523e-01 ; t=4.000e+01, est=9.494e-01 ; t=4.200e+01, est=9.275e-01 ; t=4.400e+01, est=9.245e-01 ; t=6.400e+01, est=9.096e-01 ; t=7.500e+01, est=9.067e-01 ; t=8.300e+01, est=8.987e-01 ; t=8.400e+01, est=8.908e-01 ; t=9.500e+01, est=8.818e-01 ; t=1.240e+02, est=8.759e-01 ; t=1.630e+02, est=8.580e-01 ; t=1.730e+02, est=8.481e-01 ; t=1.760e+02, est=8.381e-01 ; t=1.830e+02, est=8.302e-01 ; t=1.980e+02, est=8.232e-01 ; t=2.390e+02, est=8.153e-01 ; t=2.670e+02, est=7.835e-01 ; t=2.990e+02, est=7.676e-01 ; t=3.330e+02, est=7.594e-01 ; t=3.470e+02, est=7.491e-01 ; t=3.480e+02, est=7.407e-01 ; t=3.500e+02, est=7.371e-01 ; t=5.830e+02, est=7.371e-01 "
NCT00274053," t=1.000e+00, est=9.982e-01 ; t=4.000e+00, est=9.927e-01 ; t=1.100e+01, est=9.873e-01 ; t=2.100e+01, est=9.745e-01 ; t=2.700e+01, est=9.727e-01 ; t=3.200e+01, est=9.655e-01 ; t=4.000e+01, est=9.600e-01 ; t=4.200e+01, est=9.545e-01 ; t=4.700e+01, est=9.491e-01 ; t=4.900e+01, est=9.418e-01 ; t=6.600e+01, est=9.327e-01 ; t=6.700e+01, est=9.291e-01 ; t=7.300e+01, est=9.218e-01 ; t=7.700e+01, est=9.073e-01 ; t=8.800e+01, est=8.964e-01 ; t=9.000e+01, est=8.873e-01 ; t=9.700e+01, est=8.818e-01 ; t=1.000e+02, est=8.727e-01 ; t=1.080e+02, est=8.691e-01 ; t=1.150e+02, est=8.600e-01 ; t=1.220e+02, est=8.582e-01 ; t=1.230e+02, est=8.545e-01 ; t=1.800e+02, est=8.436e-01 ; t=1.820e+02, est=8.382e-01 ; t=1.920e+02, est=8.272e-01 ; t=2.350e+02, est=8.072e-01 ; t=2.530e+02, est=8.034e-01 ; t=3.230e+02, est=8.034e-01 "
NCT00274079," t=1.000e+00, est=9.975e-01 ; t=3.000e+00, est=9.949e-01 ; t=4.000e+00, est=9.873e-01 ; t=6.000e+00, est=9.772e-01 ; t=7.000e+00, est=9.747e-01 ; t=8.000e+00, est=9.696e-01 ; t=1.200e+01, est=9.620e-01 ; t=1.400e+01, est=9.519e-01 ; t=1.700e+01, est=9.494e-01 ; t=1.800e+01, est=9.468e-01 ; t=2.400e+01, est=9.443e-01 ; t=2.900e+01, est=9.367e-01 ; t=3.300e+01, est=9.342e-01 ; t=3.400e+01, est=9.316e-01 ; t=3.700e+01, est=9.291e-01 ; t=3.800e+01, est=9.266e-01 ; t=3.900e+01, est=9.190e-01 ; t=4.100e+01, est=9.165e-01 ; t=4.500e+01, est=9.063e-01 ; t=5.000e+01, est=9.013e-01 ; t=5.100e+01, est=8.987e-01 ; t=6.200e+01, est=8.937e-01 ; t=6.300e+01, est=8.911e-01 ; t=6.600e+01, est=8.911e-01 ; t=7.000e+01, est=8.832e-01 ; t=7.600e+01, est=8.832e-01 ; t=8.000e+01, est=8.713e-01 ; t=1.010e+02, est=8.713e-01 "
NCT00274547," t=1.000e+00, est=9.934e-01 ; t=3.000e+00, est=9.885e-01 ; t=5.000e+00, est=9.781e-01 ; t=1.100e+01, est=9.710e-01 ; t=2.100e+01, est=9.508e-01 ; t=2.700e+01, est=9.420e-01 ; t=2.800e+01, est=9.371e-01 ; t=3.100e+01, est=9.344e-01 ; t=3.500e+01, est=9.256e-01 ; t=3.900e+01, est=9.196e-01 ; t=4.700e+01, est=9.120e-01 ; t=5.400e+01, est=8.983e-01 ; t=6.200e+01, est=8.912e-01 ; t=7.400e+01, est=8.715e-01 ; t=8.800e+01, est=8.595e-01 ; t=9.100e+01, est=8.518e-01 ; t=9.800e+01, est=8.409e-01 ; t=1.190e+02, est=8.245e-01 ; t=1.220e+02, est=8.207e-01 ; t=1.270e+02, est=8.190e-01 ; t=1.290e+02, est=8.157e-01 ; t=1.430e+02, est=8.114e-01 ; t=1.480e+02, est=8.070e-01 ; t=1.570e+02, est=8.048e-01 ; t=1.630e+02, est=7.993e-01 ; t=1.730e+02, est=7.949e-01 ; t=1.820e+02, est=7.868e-01 ; t=2.310e+02, est=7.868e-01 "
NCT00274560," t=1.000e+00, est=9.908e-01 ; t=2.000e+00, est=9.862e-01 ; t=6.000e+00, est=9.832e-01 ; t=8.000e+00, est=9.755e-01 ; t=1.400e+01, est=9.632e-01 ; t=1.800e+01, est=9.602e-01 ; t=2.100e+01, est=9.541e-01 ; t=2.400e+01, est=9.525e-01 ; t=2.600e+01, est=9.479e-01 ; t=3.800e+01, est=9.418e-01 ; t=4.000e+01, est=9.387e-01 ; t=4.100e+01, est=9.326e-01 ; t=4.600e+01, est=9.250e-01 ; t=5.700e+01, est=9.219e-01 ; t=6.300e+01, est=9.173e-01 ; t=6.800e+01, est=9.158e-01 ; t=7.100e+01, est=9.127e-01 ; t=7.200e+01, est=9.096e-01 ; t=7.600e+01, est=9.096e-01 ; t=7.800e+01, est=9.081e-01 ; t=8.100e+01, est=8.995e-01 ; t=8.300e+01, est=8.995e-01 ; t=8.500e+01, est=8.916e-01 ; t=8.700e+01, est=8.916e-01 ; t=8.800e+01, est=8.851e-01 ; t=1.100e+02, est=8.851e-01 "
NCT00274573," t=1.000e+00, est=9.926e-01 ; t=2.000e+00, est=9.907e-01 ; t=4.000e+00, est=9.759e-01 ; t=6.000e+00, est=9.648e-01 ; t=1.100e+01, est=9.525e-01 ; t=1.300e+01, est=9.432e-01 ; t=1.600e+01, est=9.346e-01 ; t=1.900e+01, est=9.216e-01 ; t=2.600e+01, est=9.099e-01 ; t=3.000e+01, est=9.000e-01 ; t=4.000e+01, est=8.846e-01 ; t=4.100e+01, est=8.722e-01 ; t=4.200e+01, est=8.636e-01 ; t=4.400e+01, est=8.623e-01 ; t=5.000e+01, est=8.518e-01 ; t=6.100e+01, est=8.426e-01 ; t=6.300e+01, est=8.389e-01 ; t=7.300e+01, est=8.339e-01 ; t=7.800e+01, est=8.259e-01 ; t=8.400e+01, est=8.229e-01 ; t=8.500e+01, est=8.210e-01 ; t=1.000e+02, est=8.210e-01 ; t=1.010e+02, est=7.799e-01 ; t=1.020e+02, est=7.799e-01 ; t=1.030e+02, est=7.019e-01 ; t=1.230e+02, est=7.019e-01 ; t=1.250e+02, est=0.000e+00 "
NCT00274599," t=1.000e+00, est=9.951e-01 ; t=5.000e+00, est=9.926e-01 ; t=6.000e+00, est=9.889e-01 ; t=1.000e+01, est=9.852e-01 ; t=1.300e+01, est=9.803e-01 ; t=1.400e+01, est=9.766e-01 ; t=1.600e+01, est=9.729e-01 ; t=1.900e+01, est=9.704e-01 ; t=2.100e+01, est=9.655e-01 ; t=2.400e+01, est=9.618e-01 ; t=2.600e+01, est=9.569e-01 ; t=3.100e+01, est=9.520e-01 ; t=4.800e+01, est=9.446e-01 ; t=5.200e+01, est=9.409e-01 ; t=5.400e+01, est=9.347e-01 ; t=5.600e+01, est=9.261e-01 ; t=6.000e+01, est=9.224e-01 ; t=6.100e+01, est=9.200e-01 ; t=6.300e+01, est=9.200e-01 ; t=6.800e+01, est=9.126e-01 ; t=6.900e+01, est=9.101e-01 ; t=7.000e+01, est=9.052e-01 ; t=7.100e+01, est=9.039e-01 ; t=7.800e+01, est=9.002e-01 ; t=8.100e+01, est=8.978e-01 ; t=8.300e+01, est=8.941e-01 ; t=9.000e+01, est=8.916e-01 ; t=1.380e+02, est=8.916e-01 "
NCT00274612," t=1.000e+00, est=9.975e-01 ; t=1.100e+01, est=9.913e-01 ; t=1.300e+01, est=9.863e-01 ; t=1.400e+01, est=9.825e-01 ; t=1.700e+01, est=9.788e-01 ; t=1.900e+01, est=9.775e-01 ; t=2.100e+01, est=9.738e-01 ; t=2.300e+01, est=9.725e-01 ; t=2.400e+01, est=9.700e-01 ; t=3.200e+01, est=9.663e-01 ; t=3.400e+01, est=9.638e-01 ; t=4.400e+01, est=9.625e-01 ; t=4.500e+01, est=9.600e-01 ; t=4.700e+01, est=9.576e-01 ; t=5.300e+01, est=9.551e-01 ; t=5.500e+01, est=9.426e-01 ; t=5.600e+01, est=9.338e-01 ; t=6.100e+01, est=9.276e-01 ; t=6.400e+01, est=9.201e-01 ; t=6.900e+01, est=9.151e-01 ; t=8.300e+01, est=9.063e-01 ; t=8.500e+01, est=9.038e-01 ; t=8.900e+01, est=9.038e-01 ; t=9.100e+01, est=9.012e-01 ; t=9.300e+01, est=9.012e-01 ; t=9.500e+01, est=8.999e-01 ; t=9.600e+01, est=8.971e-01 ; t=1.310e+02, est=8.971e-01 "
NCT00277264," t=1.000e+00, est=9.967e-01 ; t=5.000e+00, est=9.858e-01 ; t=6.000e+00, est=9.781e-01 ; t=1.000e+01, est=9.693e-01 ; t=1.400e+01, est=9.485e-01 ; t=3.000e+01, est=9.244e-01 ; t=5.400e+01, est=9.025e-01 ; t=7.200e+01, est=8.927e-01 ; t=7.500e+01, est=8.883e-01 ; t=7.600e+01, est=8.806e-01 ; t=7.800e+01, est=8.740e-01 ; t=1.010e+02, est=8.620e-01 ; t=1.130e+02, est=8.499e-01 ; t=1.400e+02, est=8.390e-01 ; t=1.460e+02, est=8.313e-01 ; t=1.670e+02, est=8.182e-01 ; t=2.030e+02, est=8.083e-01 ; t=2.110e+02, est=7.985e-01 ; t=2.260e+02, est=7.886e-01 ; t=2.470e+02, est=7.798e-01 ; t=2.700e+02, est=7.766e-01 ; t=2.740e+02, est=7.722e-01 ; t=2.870e+02, est=7.700e-01 ; t=3.140e+02, est=7.700e-01 ; t=3.220e+02, est=7.643e-01 ; t=3.340e+02, est=7.630e-01 ; t=3.350e+02, est=7.594e-01 ; t=3.930e+02, est=7.594e-01 "
NCT00321854," t=2.000e+00, est=9.981e-01 ; t=2.700e+01, est=9.776e-01 ; t=3.500e+01, est=9.645e-01 ; t=5.100e+01, est=9.533e-01 ; t=6.100e+01, est=9.364e-01 ; t=8.300e+01, est=9.178e-01 ; t=9.200e+01, est=8.972e-01 ; t=1.010e+02, est=8.935e-01 ; t=1.190e+02, est=8.729e-01 ; t=1.400e+02, est=8.673e-01 ; t=1.600e+02, est=8.542e-01 ; t=1.690e+02, est=8.411e-01 ; t=1.850e+02, est=8.336e-01 ; t=1.970e+02, est=8.224e-01 ; t=2.220e+02, est=8.112e-01 ; t=2.310e+02, est=8.019e-01 ; t=2.460e+02, est=8.000e-01 ; t=2.530e+02, est=7.888e-01 ; t=2.940e+02, est=7.700e-01 ; t=3.120e+02, est=7.530e-01 ; t=3.430e+02, est=7.472e-01 ; t=3.520e+02, est=7.384e-01 ; t=3.640e+02, est=7.384e-01 ; t=3.870e+02, est=7.290e-01 ; t=4.120e+02, est=7.290e-01 ; t=4.160e+02, est=7.235e-01 ; t=5.000e+02, est=7.235e-01 "
NCT00384930," t=2.000e+00, est=9.953e-01 ; t=5.000e+00, est=9.934e-01 ; t=6.000e+00, est=9.886e-01 ; t=8.000e+00, est=9.839e-01 ; t=1.100e+01, est=9.801e-01 ; t=1.300e+01, est=9.754e-01 ; t=2.600e+01, est=9.640e-01 ; t=2.700e+01, est=9.602e-01 ; t=2.800e+01, est=9.489e-01 ; t=2.900e+01, est=9.413e-01 ; t=3.200e+01, est=9.337e-01 ; t=3.300e+01, est=9.290e-01 ; t=3.500e+01, est=9.280e-01 ; t=3.700e+01, est=9.223e-01 ; t=4.700e+01, est=9.148e-01 ; t=4.900e+01, est=9.110e-01 ; t=5.300e+01, est=9.081e-01 ; t=5.500e+01, est=9.044e-01 ; t=5.600e+01, est=8.968e-01 ; t=5.700e+01, est=8.920e-01 ; t=5.900e+01, est=8.883e-01 ; t=6.300e+01, est=8.854e-01 ; t=6.600e+01, est=8.797e-01 ; t=7.000e+01, est=8.759e-01 ; t=7.100e+01, est=8.731e-01 ; t=8.200e+01, est=8.672e-01 ; t=8.400e+01, est=8.616e-01 ; t=1.920e+02, est=8.616e-01 "
NCT00402233," t=3.000e+00, est=9.968e-01 ; t=4.000e+00, est=9.904e-01 ; t=1.100e+01, est=9.871e-01 ; t=1.300e+01, est=9.807e-01 ; t=1.600e+01, est=9.743e-01 ; t=1.700e+01, est=9.711e-01 ; t=1.800e+01, est=9.582e-01 ; t=2.000e+01, est=9.550e-01 ; t=2.200e+01, est=9.357e-01 ; t=2.400e+01, est=9.325e-01 ; t=2.500e+01, est=9.293e-01 ; t=2.700e+01, est=9.260e-01 ; t=2.800e+01, est=9.228e-01 ; t=3.100e+01, est=9.196e-01 ; t=3.200e+01, est=9.164e-01 ; t=3.400e+01, est=9.132e-01 ; t=3.500e+01, est=9.068e-01 ; t=4.200e+01, est=9.035e-01 ; t=4.500e+01, est=9.003e-01 ; t=4.900e+01, est=8.971e-01 ; t=5.100e+01, est=8.939e-01 ; t=6.200e+01, est=8.907e-01 ; t=6.700e+01, est=8.875e-01 ; t=6.800e+01, est=8.842e-01 ; t=7.000e+01, est=8.810e-01 ; t=1.000e+02, est=8.810e-01 "
NCT00466167," t=1.000e+00, est=9.981e-01 ; t=2.000e+00, est=9.961e-01 ; t=3.000e+00, est=9.903e-01 ; t=7.000e+00, est=9.826e-01 ; t=3.000e+01, est=9.632e-01 ; t=3.500e+01, est=9.536e-01 ; t=4.300e+01, est=9.516e-01 ; t=4.900e+01, est=9.439e-01 ; t=5.500e+01, est=9.400e-01 ; t=5.800e+01, est=9.304e-01 ; t=6.800e+01, est=9.246e-01 ; t=7.900e+01, est=9.226e-01 ; t=8.000e+01, est=9.188e-01 ; t=1.120e+02, est=9.052e-01 ; t=1.280e+02, est=9.014e-01 ; t=1.400e+02, est=8.930e-01 ; t=1.480e+02, est=8.930e-01 ; t=1.550e+02, est=8.868e-01 ; t=1.580e+02, est=8.868e-01 ; t=1.620e+02, est=8.803e-01 ; t=1.790e+02, est=8.780e-01 ; t=1.820e+02, est=8.733e-01 ; t=1.950e+02, est=8.733e-01 ; t=1.960e+02, est=8.709e-01 ; t=2.010e+02, est=8.684e-01 ; t=2.300e+02, est=8.684e-01 ; t=2.310e+02, est=8.647e-01 ; t=2.730e+02, est=8.647e-01 "
NCT00472199," t=1.000e+00, est=9.939e-01 ; t=7.000e+00, est=9.635e-01 ; t=1.300e+01, est=9.574e-01 ; t=2.000e+01, est=9.362e-01 ; t=2.100e+01, est=9.240e-01 ; t=2.400e+01, est=9.149e-01 ; t=2.700e+01, est=8.906e-01 ; t=2.800e+01, est=8.663e-01 ; t=3.200e+01, est=8.602e-01 ; t=3.400e+01, est=8.480e-01 ; t=4.000e+01, est=8.450e-01 ; t=4.100e+01, est=8.298e-01 ; t=4.700e+01, est=8.176e-01 ; t=4.900e+01, est=8.085e-01 ; t=7.100e+01, est=7.933e-01 ; t=7.200e+01, est=7.872e-01 ; t=8.200e+01, est=7.812e-01 ; t=8.300e+01, est=7.690e-01 ; t=8.800e+01, est=7.599e-01 ; t=1.010e+02, est=7.508e-01 ; t=1.040e+02, est=7.416e-01 ; t=1.250e+02, est=7.325e-01 ; t=1.280e+02, est=7.234e-01 ; t=1.580e+02, est=7.142e-01 ; t=1.790e+02, est=7.142e-01 ; t=1.800e+02, est=7.105e-01 ; t=2.090e+02, est=7.105e-01 "
NCT00479401," t=1.000e+00, est=9.926e-01 ; t=3.000e+00, est=9.814e-01 ; t=6.000e+00, est=9.759e-01 ; t=7.000e+00, est=9.703e-01 ; t=1.300e+01, est=9.666e-01 ; t=1.400e+01, est=9.610e-01 ; t=1.900e+01, est=9.555e-01 ; t=2.700e+01, est=9.518e-01 ; t=2.800e+01, est=9.443e-01 ; t=3.400e+01, est=9.388e-01 ; t=3.500e+01, est=9.332e-01 ; t=4.100e+01, est=9.276e-01 ; t=4.300e+01, est=9.221e-01 ; t=6.600e+01, est=9.072e-01 ; t=7.000e+01, est=9.017e-01 ; t=7.900e+01, est=8.980e-01 ; t=8.100e+01, est=8.924e-01 ; t=8.700e+01, est=8.868e-01 ; t=9.000e+01, est=8.794e-01 ; t=9.200e+01, est=8.701e-01 ; t=1.640e+02, est=8.367e-01 ; t=1.940e+02, est=8.312e-01 ; t=1.960e+02, est=8.275e-01 ; t=2.010e+02, est=8.256e-01 ; t=2.290e+02, est=8.219e-01 ; t=2.300e+02, est=8.196e-01 ; t=2.680e+02, est=8.196e-01 "
NCT00525512," t=1.000e+00, est=9.942e-01 ; t=2.200e+01, est=9.653e-01 ; t=5.400e+01, est=9.538e-01 ; t=6.200e+01, est=9.326e-01 ; t=6.400e+01, est=9.191e-01 ; t=7.100e+01, est=9.133e-01 ; t=7.300e+01, est=8.882e-01 ; t=7.600e+01, est=8.805e-01 ; t=9.500e+01, est=8.748e-01 ; t=1.210e+02, est=8.516e-01 ; t=1.370e+02, est=8.497e-01 ; t=1.460e+02, est=8.401e-01 ; t=2.180e+02, est=8.285e-01 ; t=2.240e+02, est=8.150e-01 ; t=2.340e+02, est=8.092e-01 ; t=3.350e+02, est=7.958e-01 ; t=3.450e+02, est=7.823e-01 ; t=4.350e+02, est=7.649e-01 ; t=4.640e+02, est=7.418e-01 ; t=5.580e+02, est=7.303e-01 ; t=5.650e+02, est=7.168e-01 ; t=5.960e+02, est=7.071e-01 ; t=6.700e+02, est=6.994e-01 ; t=6.770e+02, est=6.935e-01 ; t=6.780e+02, est=6.849e-01 ; t=7.030e+02, est=6.849e-01 ; t=7.070e+02, est=6.088e-01 ; t=7.310e+02, est=6.088e-01 "
NCT00563381," t=1.000e+00, est=9.962e-01 ; t=4.000e+00, est=9.936e-01 ; t=1.400e+01, est=9.809e-01 ; t=1.800e+01, est=9.776e-01 ; t=2.100e+01, est=9.736e-01 ; t=2.600e+01, est=9.699e-01 ; t=3.500e+01, est=9.596e-01 ; t=4.800e+01, est=9.519e-01 ; t=5.400e+01, est=9.470e-01 ; t=6.300e+01, est=9.314e-01 ; t=7.100e+01, est=9.246e-01 ; t=9.600e+01, est=9.142e-01 ; t=1.100e+02, est=9.098e-01 ; t=1.180e+02, est=9.048e-01 ; t=1.210e+02, est=9.003e-01 ; t=1.260e+02, est=8.956e-01 ; t=1.370e+02, est=8.903e-01 ; t=1.420e+02, est=8.895e-01 ; t=1.560e+02, est=8.837e-01 ; t=1.720e+02, est=8.809e-01 ; t=2.020e+02, est=8.725e-01 ; t=2.180e+02, est=8.654e-01 ; t=2.340e+02, est=8.621e-01 ; t=2.450e+02, est=8.546e-01 ; t=2.930e+02, est=8.428e-01 ; t=3.200e+02, est=8.401e-01 ; t=3.580e+02, est=8.329e-01 ; t=4.120e+02, est=8.329e-01 "
NCT00601250," t=1.000e+00, est=9.971e-01 ; t=1.300e+01, est=9.929e-01 ; t=1.500e+01, est=9.900e-01 ; t=1.900e+01, est=9.871e-01 ; t=2.700e+01, est=9.786e-01 ; t=4.000e+01, est=9.771e-01 ; t=4.600e+01, est=9.729e-01 ; t=4.900e+01, est=9.686e-01 ; t=5.900e+01, est=9.657e-01 ; t=6.200e+01, est=9.629e-01 ; t=6.900e+01, est=9.600e-01 ; t=8.400e+01, est=9.586e-01 ; t=9.600e+01, est=9.486e-01 ; t=1.260e+02, est=9.443e-01 ; t=1.270e+02, est=9.429e-01 ; t=1.370e+02, est=9.400e-01 ; t=1.500e+02, est=9.386e-01 ; t=1.530e+02, est=9.343e-01 ; t=1.640e+02, est=9.328e-01 ; t=1.650e+02, est=9.314e-01 ; t=1.660e+02, est=9.314e-01 ; t=1.670e+02, est=9.284e-01 ; t=1.730e+02, est=9.284e-01 ; t=1.740e+02, est=9.245e-01 ; t=2.070e+02, est=9.245e-01 "
NCT00602472," t=2.000e+00, est=9.991e-01 ; t=1.100e+01, est=9.934e-01 ; t=2.100e+01, est=9.905e-01 ; t=3.000e+01, est=9.829e-01 ; t=3.900e+01, est=9.820e-01 ; t=4.000e+01, est=9.810e-01 ; t=4.100e+01, est=9.782e-01 ; t=6.200e+01, est=9.725e-01 ; t=6.800e+01, est=9.697e-01 ; t=8.200e+01, est=9.668e-01 ; t=8.500e+01, est=9.621e-01 ; t=9.500e+01, est=9.564e-01 ; t=9.800e+01, est=9.526e-01 ; t=1.000e+02, est=9.517e-01 ; t=1.100e+02, est=9.488e-01 ; t=1.230e+02, est=9.479e-01 ; t=1.260e+02, est=9.441e-01 ; t=1.310e+02, est=9.412e-01 ; t=1.330e+02, est=9.384e-01 ; t=1.450e+02, est=9.336e-01 ; t=1.630e+02, est=9.327e-01 ; t=1.680e+02, est=9.287e-01 ; t=1.730e+02, est=9.287e-01 ; t=1.750e+02, est=9.215e-01 ; t=2.130e+02, est=9.215e-01 "
NCT00622284," t=1.000e+00, est=9.987e-01 ; t=1.200e+01, est=9.877e-01 ; t=2.500e+01, est=9.832e-01 ; t=2.800e+01, est=9.768e-01 ; t=3.300e+01, est=9.749e-01 ; t=4.000e+01, est=9.652e-01 ; t=5.900e+01, est=9.555e-01 ; t=8.300e+01, est=9.342e-01 ; t=1.130e+02, est=9.233e-01 ; t=1.220e+02, est=9.110e-01 ; t=1.880e+02, est=8.988e-01 ; t=2.130e+02, est=8.878e-01 ; t=2.700e+02, est=8.788e-01 ; t=3.020e+02, est=8.614e-01 ; t=3.070e+02, est=8.562e-01 ; t=3.630e+02, est=8.433e-01 ; t=3.790e+02, est=8.349e-01 ; t=4.270e+02, est=8.272e-01 ; t=4.770e+02, est=8.137e-01 ; t=5.430e+02, est=8.098e-01 ; t=5.610e+02, est=8.027e-01 ; t=6.320e+02, est=7.930e-01 ; t=6.500e+02, est=7.859e-01 ; t=6.530e+02, est=7.814e-01 ; t=6.720e+02, est=7.756e-01 ; t=7.180e+02, est=7.698e-01 ; t=8.030e+02, est=7.698e-01 "
NCT00641043," t=1.000e+00, est=9.949e-01 ; t=4.000e+00, est=9.923e-01 ; t=6.000e+00, est=9.897e-01 ; t=9.000e+00, est=9.846e-01 ; t=1.100e+01, est=9.794e-01 ; t=3.200e+01, est=9.743e-01 ; t=4.600e+01, est=9.692e-01 ; t=5.000e+01, est=9.589e-01 ; t=5.300e+01, est=9.563e-01 ; t=6.000e+01, est=9.537e-01 ; t=6.100e+01, est=9.512e-01 ; t=6.400e+01, est=9.486e-01 ; t=7.200e+01, est=9.460e-01 ; t=8.400e+01, est=9.434e-01 ; t=8.700e+01, est=9.409e-01 ; t=9.800e+01, est=9.383e-01 ; t=1.040e+02, est=9.357e-01 ; t=1.260e+02, est=9.332e-01 ; t=1.320e+02, est=9.306e-01 ; t=1.340e+02, est=9.280e-01 ; t=1.390e+02, est=9.254e-01 ; t=1.640e+02, est=9.254e-01 ; t=1.650e+02, est=9.228e-01 ; t=1.660e+02, est=9.228e-01 ; t=1.670e+02, est=9.172e-01 ; t=1.680e+02, est=9.172e-01 ; t=1.690e+02, est=9.106e-01 ; t=1.940e+02, est=9.106e-01 "
NCT00654381," t=1.920e+02, est=9.981e-01 ; t=1.930e+02, est=9.962e-01 ; t=2.030e+02, est=9.943e-01 ; t=2.210e+02, est=9.924e-01 ; t=2.240e+02, est=9.866e-01 ; t=2.360e+02, est=9.847e-01 ; t=2.400e+02, est=9.828e-01 ; t=2.470e+02, est=9.809e-01 ; t=2.480e+02, est=9.790e-01 ; t=2.510e+02, est=9.771e-01 ; t=2.520e+02, est=9.713e-01 ; t=2.530e+02, est=9.694e-01 ; t=2.570e+02, est=9.675e-01 ; t=2.580e+02, est=9.656e-01 ; t=2.600e+02, est=9.637e-01 ; t=2.770e+02, est=9.618e-01 ; t=2.790e+02, est=9.598e-01 ; t=2.860e+02, est=9.579e-01 ; t=2.920e+02, est=9.541e-01 ; t=2.980e+02, est=9.522e-01 ; t=3.020e+02, est=9.484e-01 ; t=3.100e+02, est=9.465e-01 ; t=3.450e+02, est=9.446e-01 ; t=3.700e+02, est=9.446e-01 "
NCT00734474," t=2.000e+00, est=9.991e-01 ; t=1.300e+01, est=9.918e-01 ; t=1.400e+01, est=9.781e-01 ; t=1.500e+01, est=9.745e-01 ; t=2.900e+01, est=9.563e-01 ; t=5.000e+01, est=9.426e-01 ; t=6.300e+01, est=9.226e-01 ; t=8.100e+01, est=9.153e-01 ; t=8.500e+01, est=9.071e-01 ; t=1.170e+02, est=8.953e-01 ; t=1.490e+02, est=8.743e-01 ; t=1.810e+02, est=8.652e-01 ; t=1.840e+02, est=8.543e-01 ; t=2.060e+02, est=8.342e-01 ; t=2.720e+02, est=8.160e-01 ; t=3.120e+02, est=7.832e-01 ; t=3.630e+02, est=7.696e-01 ; t=3.730e+02, est=7.523e-01 ; t=3.960e+02, est=7.413e-01 ; t=4.140e+02, est=7.250e-01 ; t=4.920e+02, est=6.867e-01 ; t=5.420e+02, est=6.730e-01 ; t=5.540e+02, est=6.576e-01 ; t=5.900e+02, est=6.384e-01 ; t=6.310e+02, est=6.330e-01 ; t=6.450e+02, est=6.230e-01 ; t=7.070e+02, est=6.056e-01 ; t=8.930e+02, est=6.046e-01 "
NCT00740051," t=4.000e+00, est=9.956e-01 ; t=4.000e+01, est=9.824e-01 ; t=4.100e+01, est=9.780e-01 ; t=5.000e+01, est=9.648e-01 ; t=6.300e+01, est=9.515e-01 ; t=7.600e+01, est=9.471e-01 ; t=9.600e+01, est=9.207e-01 ; t=1.250e+02, est=9.119e-01 ; t=1.270e+02, est=9.031e-01 ; t=1.320e+02, est=8.987e-01 ; t=1.340e+02, est=8.899e-01 ; t=1.390e+02, est=8.811e-01 ; t=1.670e+02, est=8.722e-01 ; t=1.940e+02, est=8.590e-01 ; t=2.030e+02, est=8.502e-01 ; t=2.170e+02, est=8.458e-01 ; t=2.180e+02, est=8.414e-01 ; t=2.450e+02, est=8.282e-01 ; t=2.470e+02, est=8.238e-01 ; t=2.850e+02, est=8.194e-01 ; t=2.900e+02, est=8.150e-01 ; t=2.920e+02, est=8.062e-01 ; t=3.230e+02, est=7.885e-01 ; t=3.570e+02, est=7.885e-01 ; t=3.580e+02, est=7.840e-01 ; t=3.700e+02, est=7.840e-01 ; t=3.710e+02, est=7.513e-01 ; t=3.840e+02, est=7.513e-01 "
NCT00772538," t=1.000e+00, est=9.935e-01 ; t=5.000e+00, est=9.913e-01 ; t=1.600e+01, est=9.804e-01 ; t=2.600e+01, est=9.782e-01 ; t=2.700e+01, est=9.739e-01 ; t=2.900e+01, est=9.695e-01 ; t=5.600e+01, est=9.608e-01 ; t=6.400e+01, est=9.564e-01 ; t=1.070e+02, est=9.477e-01 ; t=1.160e+02, est=9.412e-01 ; t=1.550e+02, est=9.390e-01 ; t=1.690e+02, est=9.368e-01 ; t=1.710e+02, est=9.346e-01 ; t=1.820e+02, est=9.325e-01 ; t=2.040e+02, est=9.303e-01 ; t=2.050e+02, est=9.281e-01 ; t=2.120e+02, est=9.259e-01 ; t=2.700e+02, est=9.194e-01 ; t=2.730e+02, est=9.150e-01 ; t=2.820e+02, est=9.129e-01 ; t=3.160e+02, est=9.085e-01 ; t=3.190e+02, est=9.041e-01 ; t=3.210e+02, est=9.041e-01 ; t=3.220e+02, est=9.019e-01 ; t=3.340e+02, est=9.019e-01 ; t=3.350e+02, est=8.991e-01 ; t=4.110e+02, est=8.991e-01 "
NCT00776984," t=7.000e+00, est=9.978e-01 ; t=2.700e+01, est=9.956e-01 ; t=3.600e+01, est=9.912e-01 ; t=3.800e+01, est=9.868e-01 ; t=5.700e+01, est=9.845e-01 ; t=6.500e+01, est=9.779e-01 ; t=8.100e+01, est=9.735e-01 ; t=9.300e+01, est=9.669e-01 ; t=1.050e+02, est=9.647e-01 ; t=1.210e+02, est=9.558e-01 ; t=1.480e+02, est=9.492e-01 ; t=1.520e+02, est=9.448e-01 ; t=1.660e+02, est=9.404e-01 ; t=1.680e+02, est=9.360e-01 ; t=1.710e+02, est=9.338e-01 ; t=1.780e+02, est=9.316e-01 ; t=2.230e+02, est=9.294e-01 ; t=2.260e+02, est=9.205e-01 ; t=2.310e+02, est=9.161e-01 ; t=2.570e+02, est=9.073e-01 ; t=2.790e+02, est=9.051e-01 ; t=2.800e+02, est=9.029e-01 ; t=2.870e+02, est=8.985e-01 ; t=3.000e+02, est=8.962e-01 ; t=3.110e+02, est=8.918e-01 ; t=3.270e+02, est=8.918e-01 ; t=3.280e+02, est=8.874e-01 ; t=4.330e+02, est=8.874e-01 "
NCT00782210," t=1.000e+00, est=9.952e-01 ; t=6.000e+00, est=9.872e-01 ; t=1.100e+01, est=9.840e-01 ; t=1.400e+01, est=9.712e-01 ; t=1.800e+01, est=9.647e-01 ; t=3.500e+01, est=9.567e-01 ; t=4.400e+01, est=9.375e-01 ; t=8.100e+01, est=9.199e-01 ; t=8.700e+01, est=9.103e-01 ; t=1.150e+02, est=9.038e-01 ; t=1.260e+02, est=8.910e-01 ; t=1.610e+02, est=8.814e-01 ; t=1.670e+02, est=8.782e-01 ; t=1.680e+02, est=8.734e-01 ; t=1.750e+02, est=8.718e-01 ; t=1.770e+02, est=8.654e-01 ; t=2.050e+02, est=8.622e-01 ; t=2.210e+02, est=8.558e-01 ; t=2.310e+02, est=8.478e-01 ; t=2.760e+02, est=8.365e-01 ; t=2.990e+02, est=8.253e-01 ; t=3.280e+02, est=8.173e-01 ; t=3.340e+02, est=8.121e-01 ; t=3.430e+02, est=8.121e-01 ; t=3.440e+02, est=7.889e-01 ; t=3.480e+02, est=7.889e-01 ; t=3.500e+02, est=7.473e-01 ; t=3.900e+02, est=7.473e-01 "
NCT00782509," t=1.000e+00, est=9.984e-01 ; t=3.000e+00, est=9.969e-01 ; t=7.000e+00, est=9.891e-01 ; t=1.000e+01, est=9.860e-01 ; t=1.100e+01, est=9.798e-01 ; t=1.800e+01, est=9.720e-01 ; t=2.800e+01, est=9.642e-01 ; t=4.000e+01, est=9.595e-01 ; t=4.600e+01, est=9.517e-01 ; t=5.300e+01, est=9.455e-01 ; t=7.000e+01, est=9.408e-01 ; t=8.400e+01, est=9.346e-01 ; t=9.700e+01, est=9.221e-01 ; t=1.190e+02, est=9.112e-01 ; t=1.410e+02, est=9.065e-01 ; t=1.560e+02, est=8.988e-01 ; t=1.670e+02, est=8.972e-01 ; t=1.710e+02, est=8.941e-01 ; t=1.760e+02, est=8.847e-01 ; t=2.030e+02, est=8.754e-01 ; t=2.800e+02, est=8.660e-01 ; t=2.860e+02, est=8.598e-01 ; t=2.980e+02, est=8.551e-01 ; t=3.340e+02, est=8.505e-01 ; t=3.360e+02, est=8.463e-01 ; t=3.420e+02, est=8.463e-01 ; t=3.430e+02, est=8.297e-01 ; t=4.290e+02, est=8.297e-01 "
NCT00793624," t=1.000e+00, est=9.956e-01 ; t=1.600e+01, est=9.723e-01 ; t=2.300e+01, est=9.667e-01 ; t=3.400e+01, est=9.634e-01 ; t=4.100e+01, est=9.523e-01 ; t=4.200e+01, est=9.479e-01 ; t=6.200e+01, est=9.224e-01 ; t=6.700e+01, est=9.180e-01 ; t=8.300e+01, est=9.146e-01 ; t=8.400e+01, est=9.102e-01 ; t=8.800e+01, est=9.091e-01 ; t=9.200e+01, est=9.024e-01 ; t=9.900e+01, est=9.013e-01 ; t=1.140e+02, est=8.891e-01 ; t=1.420e+02, est=8.792e-01 ; t=1.500e+02, est=8.736e-01 ; t=1.640e+02, est=8.714e-01 ; t=1.950e+02, est=8.514e-01 ; t=2.160e+02, est=8.481e-01 ; t=2.230e+02, est=8.448e-01 ; t=2.300e+02, est=8.370e-01 ; t=2.630e+02, est=8.226e-01 ; t=3.060e+02, est=8.149e-01 ; t=3.350e+02, est=8.149e-01 ; t=3.420e+02, est=8.130e-01 ; t=3.430e+02, est=8.017e-01 ; t=3.700e+02, est=8.017e-01 "
NCT00798161," t=1.000e+00, est=9.975e-01 ; t=3.000e+00, est=9.937e-01 ; t=1.200e+01, est=9.861e-01 ; t=1.300e+01, est=9.810e-01 ; t=1.900e+01, est=9.697e-01 ; t=3.400e+01, est=9.608e-01 ; t=3.600e+01, est=9.570e-01 ; t=4.000e+01, est=9.545e-01 ; t=4.100e+01, est=9.520e-01 ; t=4.600e+01, est=9.469e-01 ; t=4.900e+01, est=9.418e-01 ; t=5.000e+01, est=9.355e-01 ; t=5.500e+01, est=9.317e-01 ; t=6.500e+01, est=9.279e-01 ; t=7.700e+01, est=9.191e-01 ; t=8.400e+01, est=9.166e-01 ; t=8.900e+01, est=9.128e-01 ; t=9.300e+01, est=9.064e-01 ; t=1.310e+02, est=8.938e-01 ; t=1.370e+02, est=8.862e-01 ; t=1.450e+02, est=8.824e-01 ; t=1.500e+02, est=8.824e-01 ; t=1.540e+02, est=8.799e-01 ; t=1.690e+02, est=8.773e-01 ; t=1.700e+02, est=8.722e-01 ; t=1.710e+02, est=8.722e-01 ; t=1.720e+02, est=8.690e-01 ; t=1.900e+02, est=8.690e-01 "
NCT00800683," t=1.000e+00, est=9.923e-01 ; t=1.000e+01, est=9.846e-01 ; t=2.700e+01, est=9.769e-01 ; t=2.900e+01, est=9.615e-01 ; t=3.500e+01, est=9.462e-01 ; t=4.600e+01, est=9.385e-01 ; t=4.700e+01, est=9.308e-01 ; t=5.100e+01, est=9.231e-01 ; t=6.100e+01, est=9.154e-01 ; t=6.700e+01, est=9.077e-01 ; t=7.400e+01, est=9.000e-01 ; t=8.400e+01, est=8.846e-01 ; t=1.030e+02, est=8.769e-01 ; t=1.070e+02, est=8.692e-01 ; t=1.350e+02, est=8.462e-01 ; t=1.590e+02, est=8.385e-01 ; t=2.230e+02, est=8.231e-01 ; t=2.390e+02, est=8.077e-01 ; t=2.520e+02, est=8.000e-01 ; t=2.580e+02, est=7.923e-01 ; t=2.690e+02, est=7.846e-01 ; t=2.710e+02, est=7.692e-01 ; t=2.860e+02, est=7.615e-01 ; t=2.930e+02, est=7.538e-01 ; t=3.330e+02, est=7.462e-01 ; t=3.590e+02, est=7.462e-01 ; t=3.610e+02, est=7.379e-01 ; t=3.950e+02, est=7.379e-01 "
NCT00848081," t=4.000e+00, est=9.969e-01 ; t=9.000e+00, est=9.937e-01 ; t=1.200e+01, est=9.906e-01 ; t=1.400e+01, est=9.811e-01 ; t=1.500e+01, est=9.780e-01 ; t=1.600e+01, est=9.717e-01 ; t=2.300e+01, est=9.686e-01 ; t=2.400e+01, est=9.654e-01 ; t=2.800e+01, est=9.591e-01 ; t=2.900e+01, est=9.528e-01 ; t=3.100e+01, est=9.497e-01 ; t=3.500e+01, est=9.465e-01 ; t=3.600e+01, est=9.434e-01 ; t=4.100e+01, est=9.403e-01 ; t=4.200e+01, est=9.371e-01 ; t=4.600e+01, est=9.308e-01 ; t=5.500e+01, est=9.214e-01 ; t=5.700e+01, est=9.151e-01 ; t=5.800e+01, est=9.088e-01 ; t=5.900e+01, est=9.057e-01 ; t=6.500e+01, est=9.025e-01 ; t=7.000e+01, est=8.994e-01 ; t=7.200e+01, est=8.931e-01 ; t=7.700e+01, est=8.899e-01 ; t=7.800e+01, est=8.867e-01 ; t=1.160e+02, est=8.867e-01 "
NCT00855582," t=1.000e+00, est=9.983e-01 ; t=5.000e+00, est=9.950e-01 ; t=1.200e+01, est=9.934e-01 ; t=1.300e+01, est=9.901e-01 ; t=1.400e+01, est=9.752e-01 ; t=1.500e+01, est=9.736e-01 ; t=1.600e+01, est=9.670e-01 ; t=2.100e+01, est=9.604e-01 ; t=2.500e+01, est=9.587e-01 ; t=2.700e+01, est=9.538e-01 ; t=2.900e+01, est=9.389e-01 ; t=3.300e+01, est=9.340e-01 ; t=3.500e+01, est=9.274e-01 ; t=4.700e+01, est=9.175e-01 ; t=5.200e+01, est=9.076e-01 ; t=5.500e+01, est=9.043e-01 ; t=5.600e+01, est=9.010e-01 ; t=6.000e+01, est=8.960e-01 ; t=6.100e+01, est=8.927e-01 ; t=6.300e+01, est=8.911e-01 ; t=8.100e+01, est=8.878e-01 ; t=8.200e+01, est=8.859e-01 ; t=8.300e+01, est=8.859e-01 ; t=8.400e+01, est=8.837e-01 ; t=1.260e+02, est=8.837e-01 "
NCT00861757," t=8.000e+00, est=9.984e-01 ; t=1.100e+01, est=9.951e-01 ; t=1.200e+01, est=9.935e-01 ; t=1.400e+01, est=9.918e-01 ; t=1.500e+01, est=9.886e-01 ; t=1.600e+01, est=9.869e-01 ; t=1.800e+01, est=9.853e-01 ; t=2.000e+01, est=9.820e-01 ; t=2.700e+01, est=9.771e-01 ; t=2.900e+01, est=9.608e-01 ; t=3.100e+01, est=9.575e-01 ; t=3.400e+01, est=9.559e-01 ; t=3.600e+01, est=9.526e-01 ; t=4.000e+01, est=9.510e-01 ; t=5.200e+01, est=9.477e-01 ; t=5.500e+01, est=9.444e-01 ; t=5.700e+01, est=9.379e-01 ; t=5.800e+01, est=9.363e-01 ; t=6.000e+01, est=9.346e-01 ; t=6.100e+01, est=9.314e-01 ; t=6.400e+01, est=9.281e-01 ; t=6.500e+01, est=9.265e-01 ; t=7.000e+01, est=9.248e-01 ; t=7.100e+01, est=9.232e-01 ; t=7.600e+01, est=9.216e-01 ; t=7.900e+01, est=9.216e-01 ; t=8.000e+01, est=9.199e-01 ; t=1.200e+02, est=9.199e-01 "
NCT00915772," t=1.000e+00, est=9.982e-01 ; t=1.200e+01, est=9.947e-01 ; t=1.300e+01, est=9.876e-01 ; t=1.400e+01, est=9.859e-01 ; t=2.000e+01, est=9.806e-01 ; t=4.200e+01, est=9.770e-01 ; t=5.600e+01, est=9.576e-01 ; t=7.200e+01, est=9.505e-01 ; t=1.180e+02, est=9.488e-01 ; t=1.310e+02, est=9.452e-01 ; t=1.320e+02, est=9.399e-01 ; t=1.370e+02, est=9.329e-01 ; t=1.400e+02, est=9.223e-01 ; t=1.630e+02, est=9.117e-01 ; t=2.090e+02, est=8.993e-01 ; t=2.160e+02, est=8.905e-01 ; t=2.180e+02, est=8.852e-01 ; t=2.280e+02, est=8.834e-01 ; t=2.370e+02, est=8.746e-01 ; t=2.410e+02, est=8.675e-01 ; t=2.900e+02, est=8.551e-01 ; t=3.000e+02, est=8.445e-01 ; t=3.110e+02, est=8.251e-01 ; t=3.240e+02, est=8.163e-01 ; t=3.550e+02, est=8.092e-01 ; t=3.690e+02, est=8.092e-01 ; t=3.710e+02, est=8.055e-01 ; t=4.080e+02, est=8.055e-01 "
NCT00926289," t=1.000e+00, est=9.989e-01 ; t=2.000e+00, est=9.977e-01 ; t=3.000e+00, est=9.955e-01 ; t=5.000e+00, est=9.932e-01 ; t=7.000e+00, est=9.842e-01 ; t=8.000e+00, est=9.831e-01 ; t=9.000e+00, est=9.797e-01 ; t=1.300e+01, est=9.764e-01 ; t=1.500e+01, est=9.752e-01 ; t=1.600e+01, est=9.718e-01 ; t=2.000e+01, est=9.617e-01 ; t=2.200e+01, est=9.572e-01 ; t=2.400e+01, est=9.550e-01 ; t=2.800e+01, est=9.516e-01 ; t=3.000e+01, est=9.505e-01 ; t=3.100e+01, est=9.482e-01 ; t=3.300e+01, est=9.448e-01 ; t=3.400e+01, est=9.392e-01 ; t=3.500e+01, est=9.381e-01 ; t=3.600e+01, est=9.358e-01 ; t=3.900e+01, est=9.358e-01 ; t=4.100e+01, est=9.347e-01 ; t=6.300e+01, est=9.347e-01 "
NCT00954447," t=1.000e+00, est=9.984e-01 ; t=3.300e+01, est=9.872e-01 ; t=5.200e+01, est=9.729e-01 ; t=5.400e+01, est=9.673e-01 ; t=8.200e+01, est=9.625e-01 ; t=8.400e+01, est=9.601e-01 ; t=9.000e+01, est=9.593e-01 ; t=9.200e+01, est=9.561e-01 ; t=1.010e+02, est=9.514e-01 ; t=1.220e+02, est=9.466e-01 ; t=1.290e+02, est=9.418e-01 ; t=1.480e+02, est=9.394e-01 ; t=1.650e+02, est=9.338e-01 ; t=1.670e+02, est=9.330e-01 ; t=1.680e+02, est=9.290e-01 ; t=1.690e+02, est=9.282e-01 ; t=1.840e+02, est=9.203e-01 ; t=2.150e+02, est=9.179e-01 ; t=2.440e+02, est=9.051e-01 ; t=2.590e+02, est=9.019e-01 ; t=2.810e+02, est=9.011e-01 ; t=3.020e+02, est=8.923e-01 ; t=3.480e+02, est=8.860e-01 ; t=3.600e+02, est=8.819e-01 ; t=3.610e+02, est=8.811e-01 ; t=3.650e+02, est=8.666e-01 ; t=3.700e+02, est=8.644e-01 ; t=7.110e+02, est=8.644e-01 "
NCT00970632," t=2.000e+00, est=9.980e-01 ; t=6.000e+00, est=9.961e-01 ; t=8.000e+00, est=9.922e-01 ; t=1.400e+01, est=9.883e-01 ; t=2.200e+01, est=9.824e-01 ; t=2.300e+01, est=9.804e-01 ; t=2.600e+01, est=9.785e-01 ; t=2.800e+01, est=9.687e-01 ; t=2.900e+01, est=9.628e-01 ; t=3.000e+01, est=9.609e-01 ; t=3.200e+01, est=9.589e-01 ; t=3.300e+01, est=9.569e-01 ; t=3.700e+01, est=9.530e-01 ; t=4.000e+01, est=9.511e-01 ; t=5.100e+01, est=9.472e-01 ; t=5.700e+01, est=9.354e-01 ; t=5.800e+01, est=9.315e-01 ; t=6.000e+01, est=9.276e-01 ; t=6.300e+01, est=9.256e-01 ; t=6.500e+01, est=9.237e-01 ; t=6.800e+01, est=9.217e-01 ; t=7.000e+01, est=9.139e-01 ; t=7.600e+01, est=9.139e-01 ; t=7.700e+01, est=9.099e-01 ; t=7.900e+01, est=9.099e-01 ; t=8.200e+01, est=9.034e-01 ; t=8.400e+01, est=8.939e-01 ; t=1.450e+02, est=8.939e-01 "
NCT00975195," t=1.000e+00, est=9.960e-01 ; t=2.400e+01, est=9.851e-01 ; t=2.500e+01, est=9.831e-01 ; t=3.500e+01, est=9.811e-01 ; t=4.000e+01, est=9.771e-01 ; t=4.200e+01, est=9.670e-01 ; t=4.900e+01, est=9.598e-01 ; t=7.900e+01, est=9.477e-01 ; t=8.200e+01, est=9.453e-01 ; t=8.400e+01, est=9.396e-01 ; t=9.100e+01, est=9.300e-01 ; t=1.220e+02, est=9.147e-01 ; t=1.260e+02, est=9.078e-01 ; t=1.340e+02, est=9.010e-01 ; t=1.610e+02, est=8.942e-01 ; t=1.700e+02, est=8.877e-01 ; t=1.840e+02, est=8.817e-01 ; t=1.890e+02, est=8.753e-01 ; t=1.940e+02, est=8.728e-01 ; t=2.030e+02, est=8.716e-01 ; t=2.250e+02, est=8.632e-01 ; t=2.470e+02, est=8.592e-01 ; t=2.520e+02, est=8.539e-01 ; t=3.000e+02, est=8.398e-01 ; t=3.420e+02, est=8.221e-01 ; t=3.470e+02, est=8.181e-01 ; t=3.630e+02, est=8.158e-01 ; t=4.870e+02, est=8.158e-01 "
NCT00996658," t=1.000e+00, est=9.963e-01 ; t=5.000e+00, est=9.926e-01 ; t=3.100e+01, est=9.853e-01 ; t=4.200e+01, est=9.743e-01 ; t=4.700e+01, est=9.706e-01 ; t=5.500e+01, est=9.669e-01 ; t=5.600e+01, est=9.632e-01 ; t=6.700e+01, est=9.596e-01 ; t=7.700e+01, est=9.559e-01 ; t=7.800e+01, est=9.522e-01 ; t=8.800e+01, est=9.338e-01 ; t=8.900e+01, est=9.301e-01 ; t=9.300e+01, est=9.265e-01 ; t=9.800e+01, est=9.228e-01 ; t=1.020e+02, est=9.191e-01 ; t=1.110e+02, est=9.154e-01 ; t=1.130e+02, est=9.118e-01 ; t=1.220e+02, est=9.044e-01 ; t=1.260e+02, est=9.007e-01 ; t=1.280e+02, est=8.971e-01 ; t=1.430e+02, est=8.934e-01 ; t=1.560e+02, est=8.934e-01 ; t=1.580e+02, est=8.897e-01 ; t=2.150e+02, est=8.897e-01 "
NCT01064687," t=5.000e+00, est=9.990e-01 ; t=1.300e+01, est=9.980e-01 ; t=1.600e+01, est=9.908e-01 ; t=2.800e+01, est=9.836e-01 ; t=3.300e+01, est=9.785e-01 ; t=3.500e+01, est=9.744e-01 ; t=4.900e+01, est=9.723e-01 ; t=5.700e+01, est=9.672e-01 ; t=7.000e+01, est=9.662e-01 ; t=8.900e+01, est=9.611e-01 ; t=1.010e+02, est=9.549e-01 ; t=1.310e+02, est=9.518e-01 ; t=1.340e+02, est=9.488e-01 ; t=1.660e+02, est=9.447e-01 ; t=2.380e+02, est=9.211e-01 ; t=2.720e+02, est=9.170e-01 ; t=2.950e+02, est=9.068e-01 ; t=3.110e+02, est=9.027e-01 ; t=3.430e+02, est=8.975e-01 ; t=3.600e+02, est=8.975e-01 ; t=3.630e+02, est=8.962e-01 ; t=3.650e+02, est=8.918e-01 ; t=3.670e+02, est=8.918e-01 ; t=3.680e+02, est=8.873e-01 ; t=4.320e+02, est=8.873e-01 "
NCT01075282," t=3.000e+00, est=9.988e-01 ; t=1.800e+01, est=9.876e-01 ; t=3.000e+01, est=9.827e-01 ; t=3.600e+01, est=9.727e-01 ; t=5.600e+01, est=9.690e-01 ; t=6.400e+01, est=9.653e-01 ; t=9.800e+01, est=9.628e-01 ; t=1.110e+02, est=9.591e-01 ; t=1.480e+02, est=9.554e-01 ; t=1.810e+02, est=9.430e-01 ; t=2.410e+02, est=9.368e-01 ; t=2.610e+02, est=9.318e-01 ; t=3.060e+02, est=9.306e-01 ; t=3.080e+02, est=9.281e-01 ; t=3.510e+02, est=9.269e-01 ; t=3.810e+02, est=9.219e-01 ; t=4.270e+02, est=9.195e-01 ; t=4.390e+02, est=9.145e-01 ; t=4.570e+02, est=9.133e-01 ; t=4.620e+02, est=9.108e-01 ; t=4.840e+02, est=9.095e-01 ; t=5.080e+02, est=9.046e-01 ; t=5.420e+02, est=9.033e-01 ; t=5.450e+02, est=9.019e-01 ; t=5.460e+02, est=8.953e-01 ; t=5.490e+02, est=8.953e-01 ; t=5.500e+02, est=8.909e-01 ; t=6.080e+02, est=8.909e-01 "
NCT01084005," t=1.000e+01, est=9.959e-01 ; t=1.500e+01, est=9.917e-01 ; t=1.900e+01, est=9.876e-01 ; t=2.100e+01, est=9.834e-01 ; t=2.600e+01, est=9.793e-01 ; t=4.100e+01, est=9.751e-01 ; t=4.400e+01, est=9.710e-01 ; t=5.400e+01, est=9.668e-01 ; t=7.500e+01, est=9.627e-01 ; t=8.000e+01, est=9.585e-01 ; t=8.600e+01, est=9.544e-01 ; t=1.130e+02, est=9.502e-01 ; t=1.190e+02, est=9.461e-01 ; t=1.260e+02, est=9.378e-01 ; t=1.290e+02, est=9.336e-01 ; t=1.360e+02, est=9.295e-01 ; t=1.380e+02, est=9.253e-01 ; t=1.500e+02, est=9.212e-01 ; t=1.640e+02, est=9.212e-01 ; t=1.650e+02, est=9.159e-01 ; t=1.710e+02, est=9.159e-01 ; t=1.720e+02, est=8.924e-01 ; t=1.890e+02, est=8.924e-01 "
NCT01087502," t=1.000e+00, est=9.915e-01 ; t=8.000e+00, est=9.872e-01 ; t=9.000e+00, est=9.830e-01 ; t=5.000e+01, est=9.745e-01 ; t=6.000e+01, est=9.617e-01 ; t=7.900e+01, est=9.532e-01 ; t=8.300e+01, est=9.447e-01 ; t=8.700e+01, est=9.404e-01 ; t=8.800e+01, est=9.362e-01 ; t=9.800e+01, est=9.277e-01 ; t=1.000e+02, est=9.191e-01 ; t=1.040e+02, est=9.149e-01 ; t=1.250e+02, est=9.021e-01 ; t=1.320e+02, est=8.936e-01 ; t=1.470e+02, est=8.851e-01 ; t=1.480e+02, est=8.809e-01 ; t=2.100e+02, est=8.596e-01 ; t=2.170e+02, est=8.511e-01 ; t=2.650e+02, est=8.340e-01 ; t=2.780e+02, est=8.255e-01 ; t=2.910e+02, est=8.213e-01 ; t=2.930e+02, est=8.170e-01 ; t=3.110e+02, est=8.128e-01 ; t=3.270e+02, est=8.043e-01 ; t=3.350e+02, est=7.957e-01 ; t=3.430e+02, est=7.915e-01 ; t=3.450e+02, est=7.872e-01 ; t=3.810e+02, est=7.872e-01 "
NCT01126437," t=1.000e+00, est=9.947e-01 ; t=1.400e+01, est=9.819e-01 ; t=4.000e+01, est=9.692e-01 ; t=4.900e+01, est=9.603e-01 ; t=9.500e+01, est=9.385e-01 ; t=1.590e+02, est=9.217e-01 ; t=1.810e+02, est=9.122e-01 ; t=2.470e+02, est=8.986e-01 ; t=2.680e+02, est=8.903e-01 ; t=3.340e+02, est=8.784e-01 ; t=3.480e+02, est=8.721e-01 ; t=4.130e+02, est=8.587e-01 ; t=4.410e+02, est=8.489e-01 ; t=4.890e+02, est=8.408e-01 ; t=5.180e+02, est=8.299e-01 ; t=6.800e+02, est=7.996e-01 ; t=8.310e+02, est=7.773e-01 ; t=8.770e+02, est=7.638e-01 ; t=9.230e+02, est=7.565e-01 ; t=9.540e+02, est=7.356e-01 ; t=9.720e+02, est=7.294e-01 ; t=1.009e+03, est=7.260e-01 ; t=1.010e+03, est=7.192e-01 ; t=1.015e+03, est=7.192e-01 ; t=1.016e+03, est=6.967e-01 ; t=1.017e+03, est=6.967e-01 ; t=1.018e+03, est=6.636e-01 ; t=1.026e+03, est=6.636e-01 "
NCT01126580," t=4.000e+00, est=9.988e-01 ; t=7.000e+00, est=9.938e-01 ; t=1.200e+01, est=9.913e-01 ; t=1.600e+01, est=9.839e-01 ; t=2.600e+01, est=9.777e-01 ; t=3.300e+01, est=9.690e-01 ; t=3.700e+01, est=9.678e-01 ; t=4.200e+01, est=9.591e-01 ; t=8.400e+01, est=9.480e-01 ; t=9.000e+01, est=9.442e-01 ; t=9.800e+01, est=9.343e-01 ; t=1.320e+02, est=9.170e-01 ; t=1.380e+02, est=9.095e-01 ; t=1.510e+02, est=9.058e-01 ; t=1.600e+02, est=8.996e-01 ; t=1.760e+02, est=8.971e-01 ; t=1.900e+02, est=8.835e-01 ; t=2.020e+02, est=8.798e-01 ; t=2.060e+02, est=8.748e-01 ; t=2.510e+02, est=8.625e-01 ; t=2.810e+02, est=8.451e-01 ; t=3.020e+02, est=8.414e-01 ; t=3.230e+02, est=8.327e-01 ; t=3.360e+02, est=8.327e-01 ; t=3.420e+02, est=8.277e-01 ; t=3.700e+02, est=8.261e-01 ; t=3.710e+02, est=8.195e-01 ; t=4.610e+02, est=8.195e-01 "
NCT01131676," t=1.000e+00, est=9.980e-01 ; t=1.500e+02, est=9.309e-01 ; t=2.690e+02, est=9.028e-01 ; t=3.680e+02, est=8.517e-01 ; t=4.200e+02, est=8.417e-01 ; t=4.580e+02, est=8.216e-01 ; t=5.000e+02, est=7.836e-01 ; t=6.130e+02, est=7.495e-01 ; t=6.720e+02, est=7.141e-01 ; t=7.470e+02, est=6.893e-01 ; t=7.830e+02, est=6.628e-01 ; t=8.470e+02, est=6.426e-01 ; t=8.560e+02, est=6.285e-01 ; t=9.440e+02, est=5.969e-01 ; t=9.710e+02, est=5.721e-01 ; t=1.042e+03, est=5.560e-01 ; t=1.078e+03, est=5.316e-01 ; t=1.143e+03, est=5.168e-01 ; t=1.178e+03, est=4.953e-01 ; t=1.264e+03, est=4.718e-01 ; t=1.269e+03, est=4.637e-01 ; t=1.356e+03, est=4.553e-01 ; t=1.363e+03, est=4.410e-01 ; t=1.407e+03, est=4.263e-01 ; t=1.411e+03, est=4.116e-01 ; t=1.433e+03, est=4.116e-01 ; t=1.434e+03, est=4.015e-01 ; t=1.545e+03, est=4.015e-01 "
NCT01159600," t=1.000e+00, est=9.969e-01 ; t=9.000e+00, est=9.900e-01 ; t=1.100e+01, est=9.862e-01 ; t=1.800e+01, est=9.847e-01 ; t=2.100e+01, est=9.831e-01 ; t=3.000e+01, est=9.816e-01 ; t=3.100e+01, est=9.800e-01 ; t=4.000e+01, est=9.747e-01 ; t=4.400e+01, est=9.701e-01 ; t=5.500e+01, est=9.670e-01 ; t=5.800e+01, est=9.647e-01 ; t=6.500e+01, est=9.624e-01 ; t=7.500e+01, est=9.609e-01 ; t=7.900e+01, est=9.570e-01 ; t=8.200e+01, est=9.563e-01 ; t=9.000e+01, est=9.486e-01 ; t=1.010e+02, est=9.440e-01 ; t=1.110e+02, est=9.424e-01 ; t=1.220e+02, est=9.394e-01 ; t=1.250e+02, est=9.371e-01 ; t=1.260e+02, est=9.348e-01 ; t=1.270e+02, est=9.340e-01 ; t=1.340e+02, est=9.309e-01 ; t=1.430e+02, est=9.294e-01 ; t=1.470e+02, est=9.256e-01 ; t=1.620e+02, est=9.248e-01 ; t=1.630e+02, est=9.240e-01 ; t=2.230e+02, est=9.240e-01 "
NCT01164501," t=1.000e+00, est=9.986e-01 ; t=1.000e+01, est=9.946e-01 ; t=2.500e+01, est=9.919e-01 ; t=2.900e+01, est=9.837e-01 ; t=3.900e+01, est=9.810e-01 ; t=4.300e+01, est=9.756e-01 ; t=6.400e+01, est=9.688e-01 ; t=7.500e+01, est=9.621e-01 ; t=7.900e+01, est=9.566e-01 ; t=8.700e+01, est=9.526e-01 ; t=9.200e+01, est=9.458e-01 ; t=1.240e+02, est=9.404e-01 ; t=1.260e+02, est=9.295e-01 ; t=1.320e+02, est=9.255e-01 ; t=1.670e+02, est=9.214e-01 ; t=1.680e+02, est=9.187e-01 ; t=1.810e+02, est=9.133e-01 ; t=2.090e+02, est=9.106e-01 ; t=2.400e+02, est=9.038e-01 ; t=2.620e+02, est=8.957e-01 ; t=2.830e+02, est=8.930e-01 ; t=3.010e+02, est=8.875e-01 ; t=3.070e+02, est=8.835e-01 ; t=3.210e+02, est=8.794e-01 ; t=3.470e+02, est=8.767e-01 ; t=4.500e+02, est=8.767e-01 "
NCT01167881," t=1.000e+00, est=9.987e-01 ; t=2.500e+01, est=9.890e-01 ; t=3.600e+01, est=9.819e-01 ; t=8.300e+01, est=9.676e-01 ; t=8.400e+01, est=9.644e-01 ; t=9.600e+01, est=9.573e-01 ; t=1.120e+02, est=9.560e-01 ; t=1.320e+02, est=9.469e-01 ; t=1.960e+02, est=9.417e-01 ; t=2.160e+02, est=9.346e-01 ; t=2.220e+02, est=9.301e-01 ; t=2.710e+02, est=9.249e-01 ; t=2.800e+02, est=9.210e-01 ; t=3.110e+02, est=9.159e-01 ; t=3.510e+02, est=9.120e-01 ; t=3.800e+02, est=9.010e-01 ; t=4.480e+02, est=8.919e-01 ; t=4.810e+02, est=8.816e-01 ; t=5.440e+02, est=8.777e-01 ; t=5.520e+02, est=8.738e-01 ; t=5.740e+02, est=8.699e-01 ; t=6.300e+02, est=8.667e-01 ; t=6.490e+02, est=8.628e-01 ; t=6.640e+02, est=8.563e-01 ; t=7.260e+02, est=8.537e-01 ; t=7.290e+02, est=8.478e-01 ; t=7.350e+02, est=8.443e-01 ; t=1.500e+03, est=8.443e-01 "
NCT01177813," t=1.000e+00, est=9.956e-01 ; t=3.800e+01, est=9.833e-01 ; t=4.000e+01, est=9.800e-01 ; t=4.200e+01, est=9.689e-01 ; t=4.500e+01, est=9.644e-01 ; t=4.600e+01, est=9.600e-01 ; t=5.700e+01, est=9.455e-01 ; t=7.000e+01, est=9.444e-01 ; t=8.300e+01, est=9.410e-01 ; t=8.400e+01, est=9.366e-01 ; t=8.500e+01, est=9.344e-01 ; t=9.000e+01, est=9.321e-01 ; t=9.500e+01, est=9.266e-01 ; t=9.700e+01, est=9.255e-01 ; t=9.800e+01, est=9.232e-01 ; t=1.000e+02, est=9.210e-01 ; t=1.090e+02, est=9.177e-01 ; t=1.170e+02, est=9.166e-01 ; t=1.250e+02, est=9.132e-01 ; t=1.270e+02, est=9.099e-01 ; t=1.410e+02, est=9.077e-01 ; t=1.500e+02, est=9.043e-01 ; t=1.520e+02, est=9.021e-01 ; t=1.630e+02, est=9.021e-01 ; t=1.640e+02, est=8.998e-01 ; t=1.650e+02, est=8.998e-01 ; t=1.680e+02, est=8.962e-01 ; t=2.110e+02, est=8.962e-01 "
NCT01191268," t=5.000e+00, est=9.989e-01 ; t=7.000e+00, est=9.932e-01 ; t=1.300e+01, est=9.910e-01 ; t=1.400e+01, est=9.853e-01 ; t=2.700e+01, est=9.706e-01 ; t=3.000e+01, est=9.627e-01 ; t=4.000e+01, est=9.581e-01 ; t=5.900e+01, est=9.378e-01 ; t=7.300e+01, est=9.344e-01 ; t=7.800e+01, est=9.299e-01 ; t=9.000e+01, est=9.287e-01 ; t=9.800e+01, est=9.186e-01 ; t=1.300e+02, est=9.084e-01 ; t=1.340e+02, est=9.038e-01 ; t=1.450e+02, est=8.993e-01 ; t=1.460e+02, est=8.914e-01 ; t=1.680e+02, est=8.869e-01 ; t=1.830e+02, est=8.756e-01 ; t=2.000e+02, est=8.688e-01 ; t=2.050e+02, est=8.609e-01 ; t=2.100e+02, est=8.586e-01 ; t=2.630e+02, est=8.507e-01 ; t=2.710e+02, est=8.484e-01 ; t=2.770e+02, est=8.416e-01 ; t=3.080e+02, est=8.314e-01 ; t=3.600e+02, est=8.269e-01 ; t=3.640e+02, est=8.212e-01 ; t=4.850e+02, est=8.212e-01 "
NCT01191944," t=1.000e+00, est=9.937e-01 ; t=2.000e+00, est=9.852e-01 ; t=6.000e+00, est=9.810e-01 ; t=1.100e+01, est=9.767e-01 ; t=1.400e+01, est=9.704e-01 ; t=1.600e+01, est=9.683e-01 ; t=2.000e+01, est=9.662e-01 ; t=2.300e+01, est=9.598e-01 ; t=2.500e+01, est=9.577e-01 ; t=3.300e+01, est=9.535e-01 ; t=4.300e+01, est=9.514e-01 ; t=4.500e+01, est=9.471e-01 ; t=4.700e+01, est=9.450e-01 ; t=5.600e+01, est=9.429e-01 ; t=5.700e+01, est=9.387e-01 ; t=7.000e+01, est=9.366e-01 ; t=7.400e+01, est=9.345e-01 ; t=8.400e+01, est=9.323e-01 ; t=9.900e+01, est=9.302e-01 ; t=1.010e+02, est=9.281e-01 ; t=1.080e+02, est=9.260e-01 ; t=1.190e+02, est=9.239e-01 ; t=1.430e+02, est=9.239e-01 "
NCT01194830," t=1.000e+00, est=9.907e-01 ; t=6.000e+00, est=9.815e-01 ; t=1.100e+01, est=9.769e-01 ; t=1.300e+01, est=9.583e-01 ; t=1.400e+01, est=9.398e-01 ; t=1.900e+01, est=9.352e-01 ; t=2.100e+01, est=9.259e-01 ; t=2.600e+01, est=9.213e-01 ; t=2.800e+01, est=9.120e-01 ; t=3.400e+01, est=9.028e-01 ; t=4.100e+01, est=8.843e-01 ; t=4.200e+01, est=8.657e-01 ; t=4.400e+01, est=8.565e-01 ; t=4.900e+01, est=8.519e-01 ; t=5.500e+01, est=8.426e-01 ; t=6.900e+01, est=8.380e-01 ; t=7.200e+01, est=8.333e-01 ; t=8.200e+01, est=8.287e-01 ; t=8.400e+01, est=8.194e-01 ; t=8.500e+01, est=8.102e-01 ; t=1.210e+02, est=8.009e-01 ; t=1.280e+02, est=7.917e-01 ; t=1.320e+02, est=7.824e-01 ; t=1.330e+02, est=7.731e-01 ; t=1.380e+02, est=7.685e-01 ; t=1.400e+02, est=7.593e-01 ; t=1.490e+02, est=7.546e-01 ; t=1.950e+02, est=7.546e-01 "
NCT01204294," t=1.000e+00, est=9.983e-01 ; t=2.100e+01, est=9.948e-01 ; t=2.400e+01, est=9.930e-01 ; t=2.800e+01, est=9.878e-01 ; t=3.400e+01, est=9.861e-01 ; t=4.100e+01, est=9.843e-01 ; t=5.500e+01, est=9.826e-01 ; t=6.000e+01, est=9.808e-01 ; t=7.000e+01, est=9.791e-01 ; t=9.000e+01, est=9.774e-01 ; t=1.100e+02, est=9.739e-01 ; t=1.110e+02, est=9.721e-01 ; t=1.180e+02, est=9.686e-01 ; t=1.390e+02, est=9.669e-01 ; t=1.410e+02, est=9.652e-01 ; t=1.540e+02, est=9.634e-01 ; t=1.960e+02, est=9.617e-01 ; t=2.230e+02, est=9.582e-01 ; t=2.240e+02, est=9.564e-01 ; t=2.510e+02, est=9.547e-01 ; t=2.580e+02, est=9.530e-01 ; t=2.600e+02, est=9.512e-01 ; t=2.610e+02, est=9.495e-01 ; t=2.660e+02, est=9.460e-01 ; t=2.790e+02, est=9.425e-01 ; t=2.810e+02, est=9.408e-01 ; t=3.140e+02, est=9.373e-01 ; t=3.740e+02, est=9.373e-01 "
NCT01210001," t=1.000e+00, est=9.900e-01 ; t=2.900e+01, est=9.839e-01 ; t=3.300e+01, est=9.819e-01 ; t=3.800e+01, est=9.779e-01 ; t=4.300e+01, est=9.759e-01 ; t=4.400e+01, est=9.719e-01 ; t=5.200e+01, est=9.699e-01 ; t=5.700e+01, est=9.659e-01 ; t=8.100e+01, est=9.618e-01 ; t=8.600e+01, est=9.578e-01 ; t=8.700e+01, est=9.558e-01 ; t=8.900e+01, est=9.538e-01 ; t=9.300e+01, est=9.518e-01 ; t=9.500e+01, est=9.498e-01 ; t=1.030e+02, est=9.458e-01 ; t=1.100e+02, est=9.438e-01 ; t=1.110e+02, est=9.418e-01 ; t=1.170e+02, est=9.398e-01 ; t=1.180e+02, est=9.378e-01 ; t=1.380e+02, est=9.357e-01 ; t=1.400e+02, est=9.337e-01 ; t=1.410e+02, est=9.317e-01 ; t=1.570e+02, est=9.257e-01 ; t=1.590e+02, est=9.237e-01 ; t=1.680e+02, est=9.237e-01 ; t=1.690e+02, est=9.204e-01 ; t=2.480e+02, est=9.204e-01 "
NCT01214239," t=1.000e+00, est=9.967e-01 ; t=7.000e+00, est=9.933e-01 ; t=2.000e+01, est=9.900e-01 ; t=2.800e+01, est=9.866e-01 ; t=2.900e+01, est=9.833e-01 ; t=3.400e+01, est=9.799e-01 ; t=4.100e+01, est=9.766e-01 ; t=4.200e+01, est=9.699e-01 ; t=4.600e+01, est=9.666e-01 ; t=4.800e+01, est=9.632e-01 ; t=4.900e+01, est=9.599e-01 ; t=5.000e+01, est=9.498e-01 ; t=6.300e+01, est=9.465e-01 ; t=6.600e+01, est=9.431e-01 ; t=8.300e+01, est=9.365e-01 ; t=8.400e+01, est=9.331e-01 ; t=9.200e+01, est=9.298e-01 ; t=9.300e+01, est=9.264e-01 ; t=9.800e+01, est=9.231e-01 ; t=1.180e+02, est=9.164e-01 ; t=1.230e+02, est=9.130e-01 ; t=1.260e+02, est=9.097e-01 ; t=1.330e+02, est=9.064e-01 ; t=1.460e+02, est=9.030e-01 ; t=1.900e+02, est=9.030e-01 "
NCT01306214," t=1.000e+00, est=9.982e-01 ; t=2.700e+01, est=9.840e-01 ; t=4.400e+01, est=9.805e-01 ; t=6.600e+01, est=9.680e-01 ; t=8.300e+01, est=9.645e-01 ; t=9.000e+01, est=9.609e-01 ; t=9.300e+01, est=9.574e-01 ; t=9.400e+01, est=9.538e-01 ; t=9.700e+01, est=9.520e-01 ; t=1.260e+02, est=9.485e-01 ; t=1.380e+02, est=9.432e-01 ; t=1.440e+02, est=9.361e-01 ; t=1.600e+02, est=9.325e-01 ; t=1.660e+02, est=9.290e-01 ; t=1.740e+02, est=9.201e-01 ; t=2.230e+02, est=9.076e-01 ; t=2.370e+02, est=8.952e-01 ; t=2.550e+02, est=8.881e-01 ; t=2.620e+02, est=8.828e-01 ; t=2.640e+02, est=8.792e-01 ; t=2.790e+02, est=8.774e-01 ; t=2.920e+02, est=8.668e-01 ; t=3.460e+02, est=8.508e-01 ; t=3.590e+02, est=8.508e-01 ; t=3.630e+02, est=8.468e-01 ; t=3.870e+02, est=8.468e-01 ; t=3.910e+02, est=6.351e-01 ; t=4.050e+02, est=6.351e-01 "
NCT01335464," t=1.000e+00, est=9.981e-01 ; t=7.000e+00, est=9.961e-01 ; t=2.700e+01, est=9.766e-01 ; t=3.400e+01, est=9.747e-01 ; t=4.600e+01, est=9.591e-01 ; t=5.500e+01, est=9.571e-01 ; t=6.300e+01, est=9.474e-01 ; t=8.200e+01, est=9.376e-01 ; t=8.300e+01, est=9.318e-01 ; t=9.100e+01, est=9.220e-01 ; t=1.090e+02, est=9.123e-01 ; t=1.320e+02, est=9.084e-01 ; t=1.480e+02, est=8.928e-01 ; t=1.660e+02, est=8.869e-01 ; t=1.820e+02, est=8.733e-01 ; t=1.960e+02, est=8.713e-01 ; t=2.310e+02, est=8.558e-01 ; t=2.340e+02, est=8.480e-01 ; t=2.460e+02, est=8.441e-01 ; t=2.530e+02, est=8.382e-01 ; t=2.570e+02, est=8.285e-01 ; t=2.740e+02, est=8.207e-01 ; t=2.790e+02, est=8.129e-01 ; t=3.070e+02, est=8.031e-01 ; t=3.100e+02, est=7.934e-01 ; t=3.650e+02, est=7.814e-01 ; t=3.670e+02, est=7.656e-01 ; t=3.950e+02, est=7.656e-01 "
NCT01335477," t=1.000e+00, est=9.964e-01 ; t=1.700e+01, est=9.872e-01 ; t=2.800e+01, est=9.726e-01 ; t=3.800e+01, est=9.708e-01 ; t=4.000e+01, est=9.635e-01 ; t=4.200e+01, est=9.617e-01 ; t=6.900e+01, est=9.526e-01 ; t=7.700e+01, est=9.398e-01 ; t=8.400e+01, est=9.361e-01 ; t=8.600e+01, est=9.288e-01 ; t=9.500e+01, est=9.197e-01 ; t=1.220e+02, est=9.051e-01 ; t=1.260e+02, est=8.996e-01 ; t=1.470e+02, est=8.923e-01 ; t=1.500e+02, est=8.869e-01 ; t=2.010e+02, est=8.704e-01 ; t=2.170e+02, est=8.485e-01 ; t=2.260e+02, est=8.449e-01 ; t=2.300e+02, est=8.394e-01 ; t=2.500e+02, est=8.321e-01 ; t=2.550e+02, est=8.230e-01 ; t=2.880e+02, est=8.175e-01 ; t=3.150e+02, est=7.956e-01 ; t=3.360e+02, est=7.883e-01 ; t=3.390e+02, est=7.828e-01 ; t=3.750e+02, est=7.809e-01 ; t=3.760e+02, est=6.942e-01 ; t=3.980e+02, est=6.942e-01 "
NCT01368081," t=1.000e+00, est=9.991e-01 ; t=4.000e+00, est=9.966e-01 ; t=1.600e+01, est=9.914e-01 ; t=2.600e+01, est=9.897e-01 ; t=2.700e+01, est=9.862e-01 ; t=5.200e+01, est=9.836e-01 ; t=5.400e+01, est=9.828e-01 ; t=5.500e+01, est=9.802e-01 ; t=1.360e+02, est=9.699e-01 ; t=1.550e+02, est=9.639e-01 ; t=1.780e+02, est=9.596e-01 ; t=1.810e+02, est=9.578e-01 ; t=2.160e+02, est=9.518e-01 ; t=2.230e+02, est=9.492e-01 ; t=2.260e+02, est=9.466e-01 ; t=2.330e+02, est=9.449e-01 ; t=2.510e+02, est=9.432e-01 ; t=2.730e+02, est=9.389e-01 ; t=2.790e+02, est=9.346e-01 ; t=2.980e+02, est=9.329e-01 ; t=3.080e+02, est=9.269e-01 ; t=3.320e+02, est=9.234e-01 ; t=3.330e+02, est=9.217e-01 ; t=3.570e+02, est=9.200e-01 ; t=3.650e+02, est=9.179e-01 ; t=3.660e+02, est=9.143e-01 ; t=3.750e+02, est=9.143e-01 "
NCT01370005," t=4.000e+00, est=9.988e-01 ; t=1.100e+01, est=9.964e-01 ; t=1.200e+01, est=9.951e-01 ; t=2.000e+01, est=9.939e-01 ; t=2.300e+01, est=9.927e-01 ; t=2.500e+01, est=9.903e-01 ; t=2.600e+01, est=9.879e-01 ; t=2.700e+01, est=9.867e-01 ; t=2.900e+01, est=9.854e-01 ; t=3.400e+01, est=9.842e-01 ; t=3.500e+01, est=9.830e-01 ; t=3.700e+01, est=9.818e-01 ; t=3.900e+01, est=9.794e-01 ; t=4.100e+01, est=9.757e-01 ; t=4.300e+01, est=9.745e-01 ; t=4.600e+01, est=9.733e-01 ; t=4.700e+01, est=9.721e-01 ; t=6.000e+01, est=9.660e-01 ; t=6.100e+01, est=9.648e-01 ; t=7.000e+01, est=9.648e-01 ; t=7.200e+01, est=9.636e-01 ; t=8.200e+01, est=9.636e-01 ; t=8.300e+01, est=9.622e-01 ; t=8.400e+01, est=9.604e-01 ; t=8.800e+01, est=9.604e-01 ; t=8.900e+01, est=9.554e-01 ; t=9.000e+01, est=9.422e-01 ; t=1.630e+02, est=9.422e-01 "
NCT01422876," t=1.000e+00, est=9.927e-01 ; t=7.000e+00, est=9.868e-01 ; t=1.900e+01, est=9.809e-01 ; t=3.800e+01, est=9.787e-01 ; t=4.000e+01, est=9.773e-01 ; t=4.300e+01, est=9.707e-01 ; t=4.800e+01, est=9.677e-01 ; t=7.500e+01, est=9.626e-01 ; t=8.300e+01, est=9.589e-01 ; t=8.400e+01, est=9.545e-01 ; t=8.900e+01, est=9.516e-01 ; t=1.180e+02, est=9.435e-01 ; t=1.320e+02, est=9.347e-01 ; t=1.590e+02, est=9.288e-01 ; t=1.670e+02, est=9.230e-01 ; t=1.680e+02, est=9.193e-01 ; t=1.710e+02, est=9.149e-01 ; t=1.880e+02, est=9.046e-01 ; t=2.220e+02, est=8.973e-01 ; t=2.240e+02, est=8.944e-01 ; t=2.430e+02, est=8.892e-01 ; t=2.710e+02, est=8.870e-01 ; t=3.010e+02, est=8.716e-01 ; t=3.160e+02, est=8.687e-01 ; t=3.240e+02, est=8.628e-01 ; t=3.800e+02, est=8.592e-01 ; t=3.830e+02, est=7.160e-01 ; t=4.400e+02, est=7.160e-01 "
NCT01558271," t=1.000e+00, est=9.878e-01 ; t=2.900e+01, est=9.837e-01 ; t=3.000e+01, est=9.817e-01 ; t=3.400e+01, est=9.797e-01 ; t=3.600e+01, est=9.776e-01 ; t=5.400e+01, est=9.736e-01 ; t=6.500e+01, est=9.695e-01 ; t=7.000e+01, est=9.654e-01 ; t=9.200e+01, est=9.614e-01 ; t=9.700e+01, est=9.593e-01 ; t=9.900e+01, est=9.533e-01 ; t=1.230e+02, est=9.472e-01 ; t=1.620e+02, est=9.451e-01 ; t=1.760e+02, est=9.431e-01 ; t=1.780e+02, est=9.411e-01 ; t=1.820e+02, est=9.390e-01 ; t=2.180e+02, est=9.329e-01 ; t=2.240e+02, est=9.309e-01 ; t=2.380e+02, est=9.289e-01 ; t=2.450e+02, est=9.268e-01 ; t=2.830e+02, est=9.228e-01 ; t=2.950e+02, est=9.207e-01 ; t=2.970e+02, est=9.187e-01 ; t=3.080e+02, est=9.167e-01 ; t=3.100e+02, est=9.146e-01 ; t=3.250e+02, est=9.126e-01 ; t=3.300e+02, est=9.085e-01 ; t=3.890e+02, est=9.085e-01 "
NCT01621178," t=1.000e+00, est=9.983e-01 ; t=4.000e+00, est=9.965e-01 ; t=8.000e+00, est=9.878e-01 ; t=1.200e+01, est=9.861e-01 ; t=1.400e+01, est=9.809e-01 ; t=2.000e+01, est=9.774e-01 ; t=2.300e+01, est=9.705e-01 ; t=2.700e+01, est=9.670e-01 ; t=2.900e+01, est=9.601e-01 ; t=4.200e+01, est=9.566e-01 ; t=4.900e+01, est=9.462e-01 ; t=6.100e+01, est=9.444e-01 ; t=7.300e+01, est=9.375e-01 ; t=7.700e+01, est=9.306e-01 ; t=8.700e+01, est=9.236e-01 ; t=1.000e+02, est=9.219e-01 ; t=1.020e+02, est=9.167e-01 ; t=1.190e+02, est=9.045e-01 ; t=2.380e+02, est=8.733e-01 ; t=2.420e+02, est=8.681e-01 ; t=3.140e+02, est=8.576e-01 ; t=3.460e+02, est=8.472e-01 ; t=3.480e+02, est=8.437e-01 ; t=3.550e+02, est=8.437e-01 ; t=3.590e+02, est=8.384e-01 ; t=3.760e+02, est=8.384e-01 ; t=3.770e+02, est=8.184e-01 ; t=5.660e+02, est=8.184e-01 "
NCT01624259," t=4.000e+00, est=9.983e-01 ; t=9.000e+00, est=9.950e-01 ; t=2.700e+01, est=9.917e-01 ; t=2.800e+01, est=9.866e-01 ; t=3.300e+01, est=9.850e-01 ; t=3.600e+01, est=9.800e-01 ; t=4.000e+01, est=9.766e-01 ; t=5.100e+01, est=9.750e-01 ; t=5.600e+01, est=9.733e-01 ; t=5.800e+01, est=9.716e-01 ; t=6.900e+01, est=9.699e-01 ; t=8.200e+01, est=9.666e-01 ; t=8.400e+01, est=9.649e-01 ; t=8.500e+01, est=9.616e-01 ; t=9.800e+01, est=9.599e-01 ; t=1.040e+02, est=9.583e-01 ; t=1.190e+02, est=9.566e-01 ; t=1.260e+02, est=9.516e-01 ; t=1.400e+02, est=9.466e-01 ; t=1.410e+02, est=9.449e-01 ; t=1.480e+02, est=9.432e-01 ; t=1.740e+02, est=9.432e-01 ; t=1.750e+02, est=9.415e-01 ; t=1.770e+02, est=9.415e-01 ; t=1.780e+02, est=9.397e-01 ; t=1.810e+02, est=9.397e-01 ; t=1.820e+02, est=9.376e-01 ; t=2.280e+02, est=9.376e-01 "
NCT01694771," t=2.000e+00, est=9.982e-01 ; t=6.000e+00, est=9.938e-01 ; t=1.100e+01, est=9.929e-01 ; t=2.200e+01, est=9.876e-01 ; t=2.500e+01, est=9.850e-01 ; t=2.600e+01, est=9.832e-01 ; t=2.800e+01, est=9.699e-01 ; t=3.000e+01, est=9.691e-01 ; t=3.300e+01, est=9.646e-01 ; t=4.800e+01, est=9.584e-01 ; t=4.900e+01, est=9.567e-01 ; t=5.300e+01, est=9.558e-01 ; t=6.000e+01, est=9.505e-01 ; t=8.100e+01, est=9.461e-01 ; t=8.300e+01, est=9.443e-01 ; t=8.600e+01, est=9.386e-01 ; t=8.700e+01, est=9.310e-01 ; t=8.800e+01, est=9.310e-01 ; t=8.900e+01, est=9.270e-01 ; t=9.000e+01, est=9.270e-01 ; t=9.100e+01, est=9.097e-01 ; t=9.400e+01, est=9.097e-01 ; t=9.500e+01, est=8.528e-01 ; t=9.700e+01, est=8.528e-01 ; t=9.800e+01, est=8.122e-01 ; t=9.900e+01, est=7.581e-01 ; t=1.520e+02, est=7.581e-01 "
NCT01708902," t=1.000e+00, est=9.959e-01 ; t=4.000e+00, est=9.932e-01 ; t=9.000e+00, est=9.918e-01 ; t=1.400e+01, est=9.849e-01 ; t=1.500e+01, est=9.822e-01 ; t=1.900e+01, est=9.781e-01 ; t=2.100e+01, est=9.740e-01 ; t=2.700e+01, est=9.699e-01 ; t=3.000e+01, est=9.644e-01 ; t=3.500e+01, est=9.603e-01 ; t=3.900e+01, est=9.589e-01 ; t=4.200e+01, est=9.548e-01 ; t=4.400e+01, est=9.534e-01 ; t=5.000e+01, est=9.452e-01 ; t=5.200e+01, est=9.438e-01 ; t=6.200e+01, est=9.397e-01 ; t=7.600e+01, est=9.384e-01 ; t=8.700e+01, est=9.342e-01 ; t=9.500e+01, est=9.274e-01 ; t=1.030e+02, est=9.260e-01 ; t=1.100e+02, est=9.233e-01 ; t=1.280e+02, est=9.205e-01 ; t=1.380e+02, est=9.151e-01 ; t=1.400e+02, est=9.123e-01 ; t=1.730e+02, est=9.123e-01 ; t=1.740e+02, est=9.030e-01 ; t=1.950e+02, est=9.030e-01 "
NCT01719003," t=1.000e+00, est=9.926e-01 ; t=5.000e+00, est=9.838e-01 ; t=8.000e+00, est=9.809e-01 ; t=1.800e+01, est=9.794e-01 ; t=2.800e+01, est=9.728e-01 ; t=4.100e+01, est=9.684e-01 ; t=4.400e+01, est=9.640e-01 ; t=4.700e+01, est=9.632e-01 ; t=5.000e+01, est=9.596e-01 ; t=6.100e+01, est=9.574e-01 ; t=6.500e+01, est=9.544e-01 ; t=6.900e+01, est=9.537e-01 ; t=7.000e+01, est=9.522e-01 ; t=8.200e+01, est=9.485e-01 ; t=8.400e+01, est=9.441e-01 ; t=9.100e+01, est=9.390e-01 ; t=1.010e+02, est=9.353e-01 ; t=1.060e+02, est=9.309e-01 ; t=1.250e+02, est=9.265e-01 ; t=1.280e+02, est=9.228e-01 ; t=1.360e+02, est=9.221e-01 ; t=1.380e+02, est=9.199e-01 ; t=1.390e+02, est=9.169e-01 ; t=1.560e+02, est=9.147e-01 ; t=1.640e+02, est=9.117e-01 ; t=1.710e+02, est=9.117e-01 ; t=1.720e+02, est=9.094e-01 ; t=2.290e+02, est=9.094e-01 "
NCT01769378," t=1.400e+01, est=9.933e-01 ; t=1.500e+01, est=9.900e-01 ; t=1.700e+01, est=9.866e-01 ; t=2.500e+01, est=9.799e-01 ; t=2.700e+01, est=9.766e-01 ; t=3.400e+01, est=9.732e-01 ; t=3.500e+01, est=9.666e-01 ; t=5.500e+01, est=9.632e-01 ; t=6.200e+01, est=9.599e-01 ; t=6.400e+01, est=9.565e-01 ; t=6.500e+01, est=9.532e-01 ; t=8.100e+01, est=9.465e-01 ; t=8.500e+01, est=9.398e-01 ; t=8.600e+01, est=9.365e-01 ; t=9.100e+01, est=9.331e-01 ; t=9.200e+01, est=9.298e-01 ; t=1.410e+02, est=9.298e-01 ; t=1.440e+02, est=9.263e-01 ; t=1.490e+02, est=9.229e-01 ; t=1.740e+02, est=9.229e-01 ; t=1.750e+02, est=9.051e-01 ; t=3.020e+02, est=9.051e-01 "
NCT02152371," t=6.000e+00, est=9.967e-01 ; t=7.000e+00, est=9.900e-01 ; t=1.900e+01, est=9.867e-01 ; t=2.100e+01, est=9.833e-01 ; t=2.700e+01, est=9.800e-01 ; t=2.800e+01, est=9.733e-01 ; t=4.200e+01, est=9.633e-01 ; t=5.400e+01, est=9.567e-01 ; t=5.800e+01, est=9.533e-01 ; t=5.900e+01, est=9.500e-01 ; t=8.000e+01, est=9.467e-01 ; t=8.400e+01, est=9.400e-01 ; t=9.700e+01, est=9.367e-01 ; t=9.800e+01, est=9.333e-01 ; t=1.110e+02, est=9.300e-01 ; t=1.130e+02, est=9.267e-01 ; t=1.140e+02, est=9.233e-01 ; t=1.260e+02, est=9.200e-01 ; t=1.690e+02, est=9.167e-01 ; t=1.820e+02, est=9.167e-01 ; t=1.830e+02, est=9.132e-01 ; t=1.950e+02, est=9.132e-01 ; t=1.960e+02, est=9.088e-01 ; t=2.250e+02, est=9.088e-01 "
NCT02172287," t=1.000e+00, est=9.856e-01 ; t=4.000e+00, est=9.711e-01 ; t=9.000e+00, est=9.647e-01 ; t=1.200e+01, est=9.535e-01 ; t=1.400e+01, est=9.390e-01 ; t=1.800e+01, est=9.342e-01 ; t=2.000e+01, est=9.278e-01 ; t=2.600e+01, est=9.246e-01 ; t=2.900e+01, est=9.165e-01 ; t=3.400e+01, est=9.133e-01 ; t=3.500e+01, est=9.101e-01 ; t=4.800e+01, est=9.037e-01 ; t=5.200e+01, est=8.973e-01 ; t=5.700e+01, est=8.812e-01 ; t=6.200e+01, est=8.796e-01 ; t=7.000e+01, est=8.684e-01 ; t=8.900e+01, est=8.620e-01 ; t=9.400e+01, est=8.587e-01 ; t=9.800e+01, est=8.523e-01 ; t=1.100e+02, est=8.475e-01 ; t=1.320e+02, est=8.299e-01 ; t=1.660e+02, est=8.201e-01 ; t=1.670e+02, est=8.161e-01 ; t=1.700e+02, est=8.161e-01 ; t=1.710e+02, est=8.079e-01 ; t=1.770e+02, est=8.079e-01 ; t=1.790e+02, est=7.390e-01 ; t=2.090e+02, est=7.390e-01 "
NCT02172586," t=1.000e+00, est=9.889e-01 ; t=3.000e+00, est=9.861e-01 ; t=2.000e+01, est=9.806e-01 ; t=2.200e+01, est=9.750e-01 ; t=2.900e+01, est=9.722e-01 ; t=3.600e+01, est=9.611e-01 ; t=5.400e+01, est=9.583e-01 ; t=6.400e+01, est=9.528e-01 ; t=6.700e+01, est=9.500e-01 ; t=7.000e+01, est=9.444e-01 ; t=7.600e+01, est=9.417e-01 ; t=7.700e+01, est=9.361e-01 ; t=7.800e+01, est=9.333e-01 ; t=8.000e+01, est=9.306e-01 ; t=8.300e+01, est=9.222e-01 ; t=8.900e+01, est=9.139e-01 ; t=9.000e+01, est=9.083e-01 ; t=1.070e+02, est=9.000e-01 ; t=1.090e+02, est=8.944e-01 ; t=1.110e+02, est=8.917e-01 ; t=1.150e+02, est=8.889e-01 ; t=1.160e+02, est=8.861e-01 ; t=1.270e+02, est=8.778e-01 ; t=1.280e+02, est=8.722e-01 ; t=1.300e+02, est=8.694e-01 ; t=1.430e+02, est=8.694e-01 ; t=1.510e+02, est=8.667e-01 ; t=2.150e+02, est=8.667e-01 "
NCT02175355," t=1.000e+00, est=9.990e-01 ; t=5.000e+00, est=9.981e-01 ; t=6.000e+00, est=9.952e-01 ; t=8.000e+00, est=9.942e-01 ; t=1.200e+01, est=9.904e-01 ; t=1.300e+01, est=9.827e-01 ; t=1.400e+01, est=9.817e-01 ; t=1.500e+01, est=9.788e-01 ; t=1.900e+01, est=9.778e-01 ; t=2.100e+01, est=9.769e-01 ; t=2.600e+01, est=9.721e-01 ; t=2.700e+01, est=9.499e-01 ; t=2.800e+01, est=9.489e-01 ; t=3.000e+01, est=9.431e-01 ; t=3.100e+01, est=9.421e-01 ; t=3.300e+01, est=9.421e-01 ; t=3.400e+01, est=9.392e-01 ; t=4.000e+01, est=9.392e-01 ; t=4.100e+01, est=9.381e-01 ; t=5.600e+01, est=9.381e-01 "
NCT02177344," t=1.000e+00, est=9.954e-01 ; t=2.000e+00, est=9.907e-01 ; t=6.000e+00, est=9.876e-01 ; t=7.000e+00, est=9.830e-01 ; t=1.000e+01, est=9.752e-01 ; t=1.400e+01, est=9.690e-01 ; t=1.900e+01, est=9.675e-01 ; t=2.000e+01, est=9.628e-01 ; t=2.400e+01, est=9.598e-01 ; t=2.700e+01, est=9.536e-01 ; t=2.900e+01, est=9.458e-01 ; t=3.100e+01, est=9.412e-01 ; t=3.400e+01, est=9.365e-01 ; t=3.500e+01, est=9.334e-01 ; t=4.000e+01, est=9.272e-01 ; t=4.500e+01, est=9.257e-01 ; t=4.700e+01, est=9.211e-01 ; t=5.500e+01, est=9.118e-01 ; t=5.700e+01, est=9.056e-01 ; t=6.100e+01, est=8.994e-01 ; t=6.200e+01, est=8.947e-01 ; t=6.600e+01, est=8.916e-01 ; t=7.500e+01, est=8.901e-01 ; t=8.200e+01, est=8.839e-01 ; t=8.400e+01, est=8.808e-01 ; t=1.860e+02, est=8.808e-01 "
NCT02177396," t=1.000e+00, est=9.977e-01 ; t=5.000e+00, est=9.953e-01 ; t=6.000e+00, est=9.930e-01 ; t=9.000e+00, est=9.906e-01 ; t=1.100e+01, est=9.883e-01 ; t=1.200e+01, est=9.836e-01 ; t=1.300e+01, est=9.718e-01 ; t=2.400e+01, est=9.671e-01 ; t=2.600e+01, est=9.624e-01 ; t=2.700e+01, est=9.531e-01 ; t=2.800e+01, est=9.484e-01 ; t=3.000e+01, est=9.460e-01 ; t=3.200e+01, est=9.413e-01 ; t=3.400e+01, est=9.390e-01 ; t=3.500e+01, est=9.366e-01 ; t=3.800e+01, est=9.366e-01 ; t=3.900e+01, est=9.343e-01 ; t=4.500e+01, est=9.343e-01 ; t=4.600e+01, est=9.318e-01 ; t=4.800e+01, est=9.293e-01 ; t=4.900e+01, est=9.269e-01 ; t=5.400e+01, est=9.269e-01 ; t=5.500e+01, est=9.240e-01 ; t=8.500e+01, est=9.240e-01 "
NCT02177461," t=1.000e+00, est=9.947e-01 ; t=1.900e+01, est=9.759e-01 ; t=2.100e+01, est=9.679e-01 ; t=2.600e+01, est=9.599e-01 ; t=2.900e+01, est=9.358e-01 ; t=3.600e+01, est=9.198e-01 ; t=5.400e+01, est=9.091e-01 ; t=5.600e+01, est=8.877e-01 ; t=6.000e+01, est=8.770e-01 ; t=6.300e+01, est=8.610e-01 ; t=7.500e+01, est=8.556e-01 ; t=8.200e+01, est=8.422e-01 ; t=8.300e+01, est=8.289e-01 ; t=9.100e+01, est=7.968e-01 ; t=9.900e+01, est=7.914e-01 ; t=1.010e+02, est=7.861e-01 ; t=1.110e+02, est=7.834e-01 ; t=1.120e+02, est=7.754e-01 ; t=1.150e+02, est=7.647e-01 ; t=1.180e+02, est=7.594e-01 ; t=1.330e+02, est=7.540e-01 ; t=1.440e+02, est=7.353e-01 ; t=1.460e+02, est=7.273e-01 ; t=1.510e+02, est=7.219e-01 ; t=1.670e+02, est=7.192e-01 ; t=1.680e+02, est=7.157e-01 ; t=2.190e+02, est=7.157e-01 "
NCT02183064," t=1.000e+00, est=9.969e-01 ; t=9.000e+00, est=9.860e-01 ; t=1.300e+01, est=9.828e-01 ; t=1.400e+01, est=9.789e-01 ; t=2.000e+01, est=9.758e-01 ; t=2.200e+01, est=9.727e-01 ; t=2.400e+01, est=9.719e-01 ; t=2.500e+01, est=9.687e-01 ; t=3.500e+01, est=9.601e-01 ; t=4.700e+01, est=9.546e-01 ; t=4.900e+01, est=9.514e-01 ; t=5.200e+01, est=9.514e-01 ; t=6.100e+01, est=9.435e-01 ; t=7.800e+01, est=9.403e-01 ; t=1.080e+02, est=9.259e-01 ; t=1.210e+02, est=9.259e-01 ; t=1.240e+02, est=9.234e-01 ; t=1.390e+02, est=9.185e-01 ; t=1.470e+02, est=9.185e-01 ; t=1.570e+02, est=9.153e-01 ; t=1.670e+02, est=9.153e-01 ; t=1.690e+02, est=9.135e-01 ; t=1.810e+02, est=9.124e-01 ; t=2.750e+02, est=9.124e-01 "
NCT02200653," t=1.000e+00, est=9.974e-01 ; t=2.000e+00, est=9.948e-01 ; t=6.000e+00, est=9.896e-01 ; t=1.300e+01, est=9.870e-01 ; t=1.800e+01, est=9.845e-01 ; t=2.700e+01, est=9.793e-01 ; t=2.800e+01, est=9.767e-01 ; t=3.000e+01, est=9.741e-01 ; t=3.600e+01, est=9.715e-01 ; t=3.700e+01, est=9.663e-01 ; t=3.800e+01, est=9.637e-01 ; t=4.400e+01, est=9.637e-01 ; t=4.800e+01, est=9.611e-01 ; t=5.200e+01, est=9.611e-01 ; t=5.400e+01, est=9.554e-01 ; t=5.500e+01, est=9.523e-01 ; t=7.500e+01, est=9.523e-01 "
NCT02240680," t=1.000e+00, est=9.934e-01 ; t=5.000e+00, est=9.901e-01 ; t=1.200e+01, est=9.868e-01 ; t=1.400e+01, est=9.834e-01 ; t=2.600e+01, est=9.801e-01 ; t=4.400e+01, est=9.768e-01 ; t=7.100e+01, est=9.735e-01 ; t=7.900e+01, est=9.702e-01 ; t=8.100e+01, est=9.669e-01 ; t=8.300e+01, est=9.603e-01 ; t=8.900e+01, est=9.570e-01 ; t=9.100e+01, est=9.503e-01 ; t=9.800e+01, est=9.470e-01 ; t=1.180e+02, est=9.437e-01 ; t=1.190e+02, est=9.404e-01 ; t=1.250e+02, est=9.371e-01 ; t=1.290e+02, est=9.338e-01 ; t=1.320e+02, est=9.338e-01 ; t=1.460e+02, est=9.305e-01 ; t=1.520e+02, est=9.305e-01 ; t=1.560e+02, est=9.238e-01 ; t=3.700e+02, est=9.238e-01 "
NCT02489968," t=6.000e+00, est=9.978e-01 ; t=3.300e+01, est=9.955e-01 ; t=4.300e+01, est=9.933e-01 ; t=4.500e+01, est=9.911e-01 ; t=5.200e+01, est=9.888e-01 ; t=5.600e+01, est=9.866e-01 ; t=6.000e+01, est=9.821e-01 ; t=7.300e+01, est=9.799e-01 ; t=8.400e+01, est=9.776e-01 ; t=1.010e+02, est=9.754e-01 ; t=1.110e+02, est=9.709e-01 ; t=1.170e+02, est=9.687e-01 ; t=1.180e+02, est=9.664e-01 ; t=1.400e+02, est=9.642e-01 ; t=1.460e+02, est=9.575e-01 ; t=1.720e+02, est=9.575e-01 ; t=1.730e+02, est=9.540e-01 ; t=1.790e+02, est=9.540e-01 ; t=2.020e+02, est=9.497e-01 ; t=2.430e+02, est=9.454e-01 ; t=2.910e+02, est=9.411e-01 ; t=3.610e+02, est=9.368e-01 ; t=3.780e+02, est=9.368e-01 "
NCT02750410," t=1.500e+01, est=9.937e-01 ; t=2.000e+01, est=9.874e-01 ; t=5.700e+01, est=9.811e-01 ; t=7.800e+01, est=9.748e-01 ; t=8.500e+01, est=9.686e-01 ; t=1.060e+02, est=9.623e-01 ; t=1.200e+02, est=9.560e-01 ; t=1.620e+02, est=9.434e-01 ; t=1.830e+02, est=9.245e-01 ; t=1.970e+02, est=9.182e-01 ; t=2.090e+02, est=9.119e-01 ; t=2.250e+02, est=9.057e-01 ; t=2.600e+02, est=8.994e-01 ; t=3.370e+02, est=8.931e-01 ; t=3.720e+02, est=8.931e-01 "
